"title","start_time","end_time","description","exercise_title","superset_id","exercise_notes","set_index","set_type","weight_kg","reps","distance_km","duration_seconds","rpe"
"Pull","Sep 29, 2026, 3:15 PM","Sep 29, 2026, 4:32 PM","","Bicep Curl (Cable)",,"",0,"normal",25,8,,,
"Pull","Sep 29, 2026, 3:15 PM","Sep 29, 2026, 4:32 PM","","Bicep Curl (Cable)",,"",1,"normal",25,7,,,
"Pull","Sep 29, 2026, 3:15 PM","Sep 29, 2026, 4:32 PM","","Seated Incline Curl (Dumbbell)",,"",0,"normal",10,8,,,
"Pull","Sep 29, 2026, 3:15 PM","Sep 29, 2026, 4:32 PM","","Seated Incline Curl (Dumbbell)",,"",1,"normal",10,6,,,
"Pull","Sep 29, 2026, 3:15 PM","Sep 29, 2026, 4:32 PM","","Hammer Curl (Dumbbell)",,"",0,"normal",16,8,,,
"Pull","Sep 29, 2026, 3:15 PM","Sep 29, 2026, 4:32 PM","","Hammer Curl (Dumbbell)",,"",1,"normal",16,7,,,
"Pull","Sep 29, 2026, 3:15 PM","Sep 29, 2026, 4:32 PM","","Seated Palms Up Wrist Curl",,"",0,"normal",12.5,8,,,
"Pull","Sep 29, 2026, 3:15 PM","Sep 29, 2026, 4:32 PM","","Seated Palms Up Wrist Curl",,"",1,"normal",12.5,6,,,
"Pull","Sep 29, 2026, 3:15 PM","Sep 29, 2026, 4:32 PM","","Lat Pulldown (Cable)",,"",0,"normal",75,5,,,
"Pull","Sep 29, 2026, 3:15 PM","Sep 29, 2026, 4:32 PM","","Lat Pulldown (Cable)",,"",1,"normal",75,4,,,
"Pull","Sep 29, 2026, 3:15 PM","Sep 29, 2026, 4:32 PM","","Lat Pulldown (Cable)",,"",2,"normal",60,7,,,
"Pull","Sep 29, 2026, 3:15 PM","Sep 29, 2026, 4:32 PM","","Iso-Lateral Row (Machine)",,"",0,"normal",40,10,,,
"Pull","Sep 29, 2026, 3:15 PM","Sep 29, 2026, 4:32 PM","","Iso-Lateral Row (Machine)",,"",1,"normal",40,8,,,
"Pull","Sep 29, 2026, 3:15 PM","Sep 29, 2026, 4:32 PM","","Back Extension (Weighted Hyperextension)",,"",0,"normal",10,8,,,
"Pull","Sep 29, 2026, 3:15 PM","Sep 29, 2026, 4:32 PM","","Back Extension (Weighted Hyperextension)",,"",1,"normal",10,8,,,
"Pull","Sep 29, 2026, 3:15 PM","Sep 29, 2026, 4:32 PM","","Back Extension (Weighted Hyperextension)",,"",2,"normal",10,8,,,
"Pull","Sep 29, 2026, 3:15 PM","Sep 29, 2026, 4:32 PM","","Reverse Curl (Barbell)",,"",0,"normal",25,5,,,
"Pull","Sep 29, 2026, 3:15 PM","Sep 29, 2026, 4:32 PM","","Reverse Curl (Barbell)",,"",1,"normal",20,8,,,
"Push","Sep 28, 2026, 11:11 PM","Sep 29, 2026, 12:34 AM","","Bench Press (Barbell)",,"",0,"normal",70,7,,,
"Push","Sep 28, 2026, 11:11 PM","Sep 29, 2026, 12:34 AM","","Bench Press (Barbell)",,"",1,"normal",70,5,,,
"Push","Sep 28, 2026, 11:11 PM","Sep 29, 2026, 12:34 AM","","Incline Bench Press (Dumbbell)",,"",0,"normal",24,8,,,
"Push","Sep 28, 2026, 11:11 PM","Sep 29, 2026, 12:34 AM","","Incline Bench Press (Dumbbell)",,"",1,"normal",24,5,,,
"Push","Sep 28, 2026, 11:11 PM","Sep 29, 2026, 12:34 AM","","Butterfly (Pec Deck)",,"",0,"normal",25,7,,,
"Push","Sep 28, 2026, 11:11 PM","Sep 29, 2026, 12:34 AM","","Butterfly (Pec Deck)",,"",1,"normal",25,5,,,
"Push","Sep 28, 2026, 11:11 PM","Sep 29, 2026, 12:34 AM","","Butterfly (Pec Deck)",,"",2,"normal",20,7,,,
"Push","Sep 28, 2026, 11:11 PM","Sep 29, 2026, 12:34 AM","","Lateral Raise (Dumbbell)",,"",0,"normal",12,10,,,
"Push","Sep 28, 2026, 11:11 PM","Sep 29, 2026, 12:34 AM","","Lateral Raise (Dumbbell)",,"",1,"normal",12,10,,,
"Push","Sep 28, 2026, 11:11 PM","Sep 29, 2026, 12:34 AM","","Lateral Raise (Dumbbell)",,"",2,"dropset",8,8,,,
"Push","Sep 28, 2026, 11:11 PM","Sep 29, 2026, 12:34 AM","","Triceps Pushdown",,"",0,"normal",37.5,7,,,
"Push","Sep 28, 2026, 11:11 PM","Sep 29, 2026, 12:34 AM","","Triceps Pushdown",,"",1,"normal",37.5,7,,,
"Push","Sep 28, 2026, 11:11 PM","Sep 29, 2026, 12:34 AM","","Single Arm Tricep Extension (Dumbbell)",,"",0,"normal",10,6,,,
"Push","Sep 28, 2026, 11:11 PM","Sep 29, 2026, 12:34 AM","","Single Arm Tricep Extension (Dumbbell)",,"",1,"normal",10,3,,,
"Push","Sep 28, 2026, 11:11 PM","Sep 29, 2026, 12:34 AM","","Single Arm Tricep Extension (Dumbbell)",,"",2,"dropset",8,8,,,
"Pull","Sep 25, 2026, 1:48 AM","Sep 25, 2026, 2:57 AM","","Bicep Curl (Cable)",,"",0,"normal",30,6,,,
"Pull","Sep 25, 2026, 1:48 AM","Sep 25, 2026, 2:57 AM","","Bicep Curl (Cable)",,"",1,"normal",25,7,,,
"Pull","Sep 25, 2026, 1:48 AM","Sep 25, 2026, 2:57 AM","","Bicep Curl (Cable)",,"",2,"normal",25,6,,,
"Pull","Sep 25, 2026, 1:48 AM","Sep 25, 2026, 2:57 AM","","Hammer Curl (Dumbbell)",,"",0,"normal",14,13,,,
"Pull","Sep 25, 2026, 1:48 AM","Sep 25, 2026, 2:57 AM","","Hammer Curl (Dumbbell)",,"",1,"normal",16,6,,,
"Pull","Sep 25, 2026, 1:48 AM","Sep 25, 2026, 2:57 AM","","Seated Palms Up Wrist Curl",,"",0,"normal",10,18,,,
"Pull","Sep 25, 2026, 1:48 AM","Sep 25, 2026, 2:57 AM","","Seated Palms Up Wrist Curl",,"",1,"normal",12.5,9,,,
"Pull","Sep 25, 2026, 1:48 AM","Sep 25, 2026, 2:57 AM","","Lat Pulldown (Cable)",,"",0,"normal",75,6,,,
"Pull","Sep 25, 2026, 1:48 AM","Sep 25, 2026, 2:57 AM","","Lat Pulldown (Cable)",,"",1,"normal",75,5,,,
"Pull","Sep 25, 2026, 1:48 AM","Sep 25, 2026, 2:57 AM","","Lat Pulldown (Cable)",,"",2,"normal",75,4,,,
"Pull","Sep 25, 2026, 1:48 AM","Sep 25, 2026, 2:57 AM","","T Bar Row",,"",0,"normal",45,9,,,
"Pull","Sep 25, 2026, 1:48 AM","Sep 25, 2026, 2:57 AM","","T Bar Row",,"",1,"normal",45,6,,,
"Pull","Sep 25, 2026, 1:48 AM","Sep 25, 2026, 2:57 AM","","Seated Cable Row - V Grip (Cable)",,"",0,"normal",55,8,,,
"Pull","Sep 25, 2026, 1:48 AM","Sep 25, 2026, 2:57 AM","","Seated Cable Row - V Grip (Cable)",,"",1,"normal",55,7,,,
"Pull","Sep 25, 2026, 1:48 AM","Sep 25, 2026, 2:57 AM","","Reverse Curl (Barbell)",,"",0,"normal",25,6,,,
"Pull","Sep 25, 2026, 1:48 AM","Sep 25, 2026, 2:57 AM","","Reverse Curl (Barbell)",,"",1,"normal",25,5,,,
"Push","Sep 22, 2026, 4:47 PM","Sep 22, 2026, 5:38 PM","","Bench Press (Barbell)",,"",0,"normal",60,10,,,
"Push","Sep 22, 2026, 4:47 PM","Sep 22, 2026, 5:38 PM","","Bench Press (Barbell)",,"",1,"normal",70,3,,,
"Push","Sep 22, 2026, 4:47 PM","Sep 22, 2026, 5:38 PM","","Bench Press (Barbell)",,"",2,"normal",70,4,,,
"Push","Sep 22, 2026, 4:47 PM","Sep 22, 2026, 5:38 PM","","Incline Bench Press (Dumbbell)",,"",0,"normal",24,7,,,
"Push","Sep 22, 2026, 4:47 PM","Sep 22, 2026, 5:38 PM","","Incline Bench Press (Dumbbell)",,"",1,"normal",24,5,,,
"Push","Sep 22, 2026, 4:47 PM","Sep 22, 2026, 5:38 PM","","Incline Bench Press (Dumbbell)",,"",2,"normal",24,6,,,
"Push","Sep 22, 2026, 4:47 PM","Sep 22, 2026, 5:38 PM","","Butterfly (Pec Deck)",,"",0,"normal",25,6,,,
"Push","Sep 22, 2026, 4:47 PM","Sep 22, 2026, 5:38 PM","","Butterfly (Pec Deck)",,"",1,"normal",25,3,,,
"Push","Sep 22, 2026, 4:47 PM","Sep 22, 2026, 5:38 PM","","Butterfly (Pec Deck)",,"",2,"dropset",15,7,,,
"Push","Sep 22, 2026, 4:47 PM","Sep 22, 2026, 5:38 PM","","Single Arm Lateral Raise (Cable)",,"",0,"normal",7.5,8,,,
"Push","Sep 22, 2026, 4:47 PM","Sep 22, 2026, 5:38 PM","","Single Arm Lateral Raise (Cable)",,"",1,"normal",7.5,9,,,
"Push","Sep 22, 2026, 4:47 PM","Sep 22, 2026, 5:38 PM","","Single Arm Lateral Raise (Cable)",,"",2,"dropset",5,9,,,
"Push","Sep 22, 2026, 4:47 PM","Sep 22, 2026, 5:38 PM","","Triceps Pushdown",,"",0,"normal",37.5,8,,,
"Push","Sep 22, 2026, 4:47 PM","Sep 22, 2026, 5:38 PM","","Triceps Pushdown",,"",1,"normal",37.5,7,,,
"Push","Sep 22, 2026, 4:47 PM","Sep 22, 2026, 5:38 PM","","Single Arm Tricep Extension (Dumbbell)",,"",0,"normal",10,6,,,
"Push","Sep 22, 2026, 4:47 PM","Sep 22, 2026, 5:38 PM","","Single Arm Tricep Extension (Dumbbell)",,"",1,"normal",10,4,,,
"Upper","Sep 18, 2026, 4:14 PM","Sep 18, 2026, 5:30 PM","","Bicep Curl (Cable)",,"",0,"normal",25,7,,,
"Upper","Sep 18, 2026, 4:14 PM","Sep 18, 2026, 5:30 PM","","Bicep Curl (Cable)",,"",1,"normal",25,6,,,
"Upper","Sep 18, 2026, 4:14 PM","Sep 18, 2026, 5:30 PM","","Incline Bench Press (Dumbbell)",,"",0,"normal",22,10,,,
"Upper","Sep 18, 2026, 4:14 PM","Sep 18, 2026, 5:30 PM","","Incline Bench Press (Dumbbell)",,"",1,"normal",24,5,,,
"Upper","Sep 18, 2026, 4:14 PM","Sep 18, 2026, 5:30 PM","","Incline Bench Press (Dumbbell)",,"",2,"normal",24,4,,,
"Upper","Sep 18, 2026, 4:14 PM","Sep 18, 2026, 5:30 PM","","Lat Pulldown (Cable)",,"",0,"normal",70,10,,,
"Upper","Sep 18, 2026, 4:14 PM","Sep 18, 2026, 5:30 PM","","Lat Pulldown (Cable)",,"",1,"normal",75,4,,,
"Upper","Sep 18, 2026, 4:14 PM","Sep 18, 2026, 5:30 PM","","Lat Pulldown (Cable)",,"",2,"normal",75,4,,,
"Upper","Sep 18, 2026, 4:14 PM","Sep 18, 2026, 5:30 PM","","Chest Press (Machine)",,"",0,"normal",60,10,,,
"Upper","Sep 18, 2026, 4:14 PM","Sep 18, 2026, 5:30 PM","","Chest Press (Machine)",,"",1,"normal",65,6,,,
"Upper","Sep 18, 2026, 4:14 PM","Sep 18, 2026, 5:30 PM","","Iso-Lateral Row (Machine)",,"",0,"normal",40,8,,,
"Upper","Sep 18, 2026, 4:14 PM","Sep 18, 2026, 5:30 PM","","Iso-Lateral Row (Machine)",,"",1,"normal",40,9,,,
"Upper","Sep 18, 2026, 4:14 PM","Sep 18, 2026, 5:30 PM","","Single Arm Lateral Raise (Cable)",,"",0,"normal",7.5,11,,,
"Upper","Sep 18, 2026, 4:14 PM","Sep 18, 2026, 5:30 PM","","Single Arm Lateral Raise (Cable)",,"",1,"normal",7.5,8,,,
"Upper","Sep 18, 2026, 4:14 PM","Sep 18, 2026, 5:30 PM","","Single Arm Lateral Raise (Cable)",,"",2,"normal",5,14,,,
"Upper","Sep 18, 2026, 4:14 PM","Sep 18, 2026, 5:30 PM","","Cable Forearm (palms up)",,"",0,"normal",10,20,,,
"Upper","Sep 18, 2026, 4:14 PM","Sep 18, 2026, 5:30 PM","","Cable Forearm (palms up)",,"",1,"normal",12.5,8,,,
"Upper","Sep 18, 2026, 4:14 PM","Sep 18, 2026, 5:30 PM","","Triceps Pushdown",,"",0,"normal",35,11,,,
"Upper","Sep 18, 2026, 4:14 PM","Sep 18, 2026, 5:30 PM","","Triceps Pushdown",,"",1,"normal",37.5,7,,,
"Pull","Sep 15, 2026, 11:03 PM","Sep 16, 2026, 12:15 AM","","Lat Pulldown (Cable)",,"",0,"normal",70,8,,,
"Pull","Sep 15, 2026, 11:03 PM","Sep 16, 2026, 12:15 AM","","Lat Pulldown (Cable)",,"",1,"normal",65,7,,,
"Pull","Sep 15, 2026, 11:03 PM","Sep 16, 2026, 12:15 AM","","Lat Pulldown (Cable)",,"",2,"normal",65,5,,,
"Pull","Sep 15, 2026, 11:03 PM","Sep 16, 2026, 12:15 AM","","T Bar Row",,"",0,"normal",45,9,,,
"Pull","Sep 15, 2026, 11:03 PM","Sep 16, 2026, 12:15 AM","","T Bar Row",,"",1,"normal",45,8,,,
"Pull","Sep 15, 2026, 11:03 PM","Sep 16, 2026, 12:15 AM","","T Bar Row",,"",2,"normal",45,5,,,
"Pull","Sep 15, 2026, 11:03 PM","Sep 16, 2026, 12:15 AM","","Seated Cable Row - V Grip (Cable)",,"",0,"normal",50,10,,,
"Pull","Sep 15, 2026, 11:03 PM","Sep 16, 2026, 12:15 AM","","Seated Cable Row - V Grip (Cable)",,"",1,"normal",50,8,,,
"Pull","Sep 15, 2026, 11:03 PM","Sep 16, 2026, 12:15 AM","","Bicep Curl (Barbell)",,"",0,"normal",25,9,,,
"Pull","Sep 15, 2026, 11:03 PM","Sep 16, 2026, 12:15 AM","","Bicep Curl (Barbell)",,"",1,"normal",25,8,,,
"Pull","Sep 15, 2026, 11:03 PM","Sep 16, 2026, 12:15 AM","","Hammer Curl (Dumbbell)",,"",0,"normal",14,8,,,
"Pull","Sep 15, 2026, 11:03 PM","Sep 16, 2026, 12:15 AM","","Hammer Curl (Dumbbell)",,"",1,"normal",14,6,,,
"Pull","Sep 15, 2026, 11:03 PM","Sep 16, 2026, 12:15 AM","","Reverse Curl (Barbell)",,"",0,"normal",20,11,,,
"Pull","Sep 15, 2026, 11:03 PM","Sep 16, 2026, 12:15 AM","","Reverse Curl (Barbell)",,"",1,"normal",20,8,,,
"Pull","Sep 15, 2026, 11:03 PM","Sep 16, 2026, 12:15 AM","","Seated Palms Up Wrist Curl",,"",0,"normal",8,15,,,
"Pull","Sep 15, 2026, 11:03 PM","Sep 16, 2026, 12:15 AM","","Seated Palms Up Wrist Curl",,"",1,"normal",10,9,,,
"Push","Sep 13, 2026, 11:16 PM","Sep 14, 2026, 12:29 AM","","Bench Press (Barbell)",,"",0,"normal",50,15,,,
"Push","Sep 13, 2026, 11:16 PM","Sep 14, 2026, 12:29 AM","","Bench Press (Barbell)",,"",1,"normal",60,9,,,
"Push","Sep 13, 2026, 11:16 PM","Sep 14, 2026, 12:29 AM","","Bench Press (Barbell)",,"",2,"normal",60,7,,,
"Push","Sep 13, 2026, 11:16 PM","Sep 14, 2026, 12:29 AM","","Incline Bench Press (Dumbbell)",,"",0,"normal",20,8,,,
"Push","Sep 13, 2026, 11:16 PM","Sep 14, 2026, 12:29 AM","","Incline Bench Press (Dumbbell)",,"",1,"normal",20,7,,,
"Push","Sep 13, 2026, 11:16 PM","Sep 14, 2026, 12:29 AM","","Incline Bench Press (Dumbbell)",,"",2,"normal",24,5,,,
"Push","Sep 13, 2026, 11:16 PM","Sep 14, 2026, 12:29 AM","","Butterfly (Pec Deck)",,"",0,"normal",20,10,,,
"Push","Sep 13, 2026, 11:16 PM","Sep 14, 2026, 12:29 AM","","Butterfly (Pec Deck)",,"",1,"normal",20,9,,,
"Push","Sep 13, 2026, 11:16 PM","Sep 14, 2026, 12:29 AM","","Single Arm Lateral Raise (Cable)",,"",0,"normal",7.5,8,,,
"Push","Sep 13, 2026, 11:16 PM","Sep 14, 2026, 12:29 AM","","Single Arm Lateral Raise (Cable)",,"",1,"normal",7.5,8,,,
"Push","Sep 13, 2026, 11:16 PM","Sep 14, 2026, 12:29 AM","","Single Arm Lateral Raise (Cable)",,"",2,"dropset",5,8,,,
"Push","Sep 13, 2026, 11:16 PM","Sep 14, 2026, 12:29 AM","","Triceps Pushdown",,"",0,"normal",32.5,13,,,
"Push","Sep 13, 2026, 11:16 PM","Sep 14, 2026, 12:29 AM","","Triceps Pushdown",,"",1,"normal",32.5,8,,,
"Push","Sep 13, 2026, 11:16 PM","Sep 14, 2026, 12:29 AM","","Single Arm Tricep Extension (Dumbbell)",,"",0,"normal",8,11,,,
"Push","Sep 13, 2026, 11:16 PM","Sep 14, 2026, 12:29 AM","","Single Arm Tricep Extension (Dumbbell)",,"",1,"normal",8,8,,,
"Push","Sep 11, 2026, 11:38 AM","Sep 11, 2026, 12:32 PM","","Chest Press (Machine)",,"",0,"normal",60,9,,,
"Push","Sep 11, 2026, 11:38 AM","Sep 11, 2026, 12:32 PM","","Chest Press (Machine)",,"",1,"normal",60,7,,,
"Push","Sep 11, 2026, 11:38 AM","Sep 11, 2026, 12:32 PM","","Chest Press (Machine)",,"",2,"normal",60,6,,,
"Push","Sep 11, 2026, 11:38 AM","Sep 11, 2026, 12:32 PM","","Incline Bench Press (Dumbbell)",,"",0,"normal",20,10,,,
"Push","Sep 11, 2026, 11:38 AM","Sep 11, 2026, 12:32 PM","","Incline Bench Press (Dumbbell)",,"",1,"normal",20,7,,,
"Push","Sep 11, 2026, 11:38 AM","Sep 11, 2026, 12:32 PM","","Incline Bench Press (Dumbbell)",,"",2,"normal",20,8,,,
"Push","Sep 11, 2026, 11:38 AM","Sep 11, 2026, 12:32 PM","","Butterfly (Pec Deck)",,"",0,"normal",20,10,,,
"Push","Sep 11, 2026, 11:38 AM","Sep 11, 2026, 12:32 PM","","Butterfly (Pec Deck)",,"",1,"normal",20,8,,,
"Push","Sep 11, 2026, 11:38 AM","Sep 11, 2026, 12:32 PM","","Single Arm Lateral Raise (Cable)",,"",0,"normal",5,15,,,
"Push","Sep 11, 2026, 11:38 AM","Sep 11, 2026, 12:32 PM","","Single Arm Lateral Raise (Cable)",,"",1,"normal",7.5,8,,,
"Push","Sep 11, 2026, 11:38 AM","Sep 11, 2026, 12:32 PM","","Single Arm Lateral Raise (Cable)",,"",2,"dropset",5,8,,,
"Push","Sep 11, 2026, 11:38 AM","Sep 11, 2026, 12:32 PM","","Triceps Pushdown",,"",0,"normal",32.5,12,,,
"Push","Sep 11, 2026, 11:38 AM","Sep 11, 2026, 12:32 PM","","Triceps Pushdown",,"",1,"normal",32.5,6,,,
"Push","Sep 11, 2026, 11:38 AM","Sep 11, 2026, 12:32 PM","","Triceps Pushdown",,"",2,"normal",27.5,8,,,
"Push","Sep 11, 2026, 11:38 AM","Sep 11, 2026, 12:32 PM","","Single Arm Tricep Extension (Dumbbell)",,"",0,"normal",8,10,,,
"Push","Sep 11, 2026, 11:38 AM","Sep 11, 2026, 12:32 PM","","Single Arm Tricep Extension (Dumbbell)",,"",1,"normal",8,8,,,
"Pull","Sep 7, 2026, 11:08 PM","Sep 8, 2026, 12:09 AM","","Lat Pulldown (Cable)",,"",0,"normal",70,8,,,
"Pull","Sep 7, 2026, 11:08 PM","Sep 8, 2026, 12:09 AM","","Lat Pulldown (Cable)",,"",1,"normal",65,6,,,
"Pull","Sep 7, 2026, 11:08 PM","Sep 8, 2026, 12:09 AM","","Lat Pulldown (Cable)",,"",2,"normal",60,9,,,
"Pull","Sep 7, 2026, 11:08 PM","Sep 8, 2026, 12:09 AM","","T Bar Row",,"",0,"normal",45,10,,,
"Pull","Sep 7, 2026, 11:08 PM","Sep 8, 2026, 12:09 AM","","T Bar Row",,"",1,"normal",45,7,,,
"Pull","Sep 7, 2026, 11:08 PM","Sep 8, 2026, 12:09 AM","","T Bar Row",,"",2,"normal",45,6,,,
"Pull","Sep 7, 2026, 11:08 PM","Sep 8, 2026, 12:09 AM","","Seated Cable Row - V Grip (Cable)",,"",0,"normal",50,9,,,
"Pull","Sep 7, 2026, 11:08 PM","Sep 8, 2026, 12:09 AM","","Seated Cable Row - V Grip (Cable)",,"",1,"normal",50,7,,,
"Pull","Sep 7, 2026, 11:08 PM","Sep 8, 2026, 12:09 AM","","Rear Delt Reverse Fly (Machine)",,"",0,"normal",15,12,,,
"Pull","Sep 7, 2026, 11:08 PM","Sep 8, 2026, 12:09 AM","","Rear Delt Reverse Fly (Machine)",,"",1,"normal",15,13,,,
"Pull","Sep 7, 2026, 11:08 PM","Sep 8, 2026, 12:09 AM","","Rear Delt Reverse Fly (Machine)",,"",2,"normal",15,8,,,
"Pull","Sep 7, 2026, 11:08 PM","Sep 8, 2026, 12:09 AM","","Bicep Curl (Barbell)",,"",0,"normal",25,9,,,
"Pull","Sep 7, 2026, 11:08 PM","Sep 8, 2026, 12:09 AM","","Bicep Curl (Barbell)",,"",1,"normal",20,12,,,
"Pull","Sep 7, 2026, 11:08 PM","Sep 8, 2026, 12:09 AM","","Hammer Curl (Dumbbell)",,"",0,"normal",12,11,,,
"Pull","Sep 7, 2026, 11:08 PM","Sep 8, 2026, 12:09 AM","","Hammer Curl (Dumbbell)",,"",1,"normal",10,10,,,
"Pull","Sep 7, 2026, 11:08 PM","Sep 8, 2026, 12:09 AM","","Reverse Curl (Barbell)",,"",0,"normal",20,8,,,
"Pull","Sep 7, 2026, 11:08 PM","Sep 8, 2026, 12:09 AM","","Reverse Curl (Barbell)",,"",1,"normal",15,11,,,
"Pull","Sep 4, 2026, 4:46 PM","Sep 4, 2026, 5:50 PM","","Lat Pulldown (Cable)",,"",0,"normal",70,8,,,
"Pull","Sep 4, 2026, 4:46 PM","Sep 4, 2026, 5:50 PM","","Lat Pulldown (Cable)",,"",1,"normal",65,6,,,
"Pull","Sep 4, 2026, 4:46 PM","Sep 4, 2026, 5:50 PM","","Lat Pulldown (Cable)",,"",2,"normal",60,8,,,
"Pull","Sep 4, 2026, 4:46 PM","Sep 4, 2026, 5:50 PM","","T Bar Row",,"",0,"normal",40,14,,,
"Pull","Sep 4, 2026, 4:46 PM","Sep 4, 2026, 5:50 PM","","T Bar Row",,"",1,"normal",45,8,,,
"Pull","Sep 4, 2026, 4:46 PM","Sep 4, 2026, 5:50 PM","","T Bar Row",,"",2,"normal",45,6,,,
"Pull","Sep 4, 2026, 4:46 PM","Sep 4, 2026, 5:50 PM","","Seated Cable Row - V Grip (Cable)",,"",0,"normal",50,8,,,
"Pull","Sep 4, 2026, 4:46 PM","Sep 4, 2026, 5:50 PM","","Seated Cable Row - V Grip (Cable)",,"",1,"normal",45,8,,,
"Pull","Sep 4, 2026, 4:46 PM","Sep 4, 2026, 5:50 PM","","Rear Delt Reverse Fly (Machine)",,"",0,"normal",15,10,,,
"Pull","Sep 4, 2026, 4:46 PM","Sep 4, 2026, 5:50 PM","","Rear Delt Reverse Fly (Machine)",,"",1,"normal",15,9,,,
"Pull","Sep 4, 2026, 4:46 PM","Sep 4, 2026, 5:50 PM","","Rear Delt Reverse Fly (Machine)",,"",2,"normal",10,12,,,
"Pull","Sep 4, 2026, 4:46 PM","Sep 4, 2026, 5:50 PM","","Bicep Curl (Barbell)",,"",0,"normal",25,8,,,
"Pull","Sep 4, 2026, 4:46 PM","Sep 4, 2026, 5:50 PM","","Bicep Curl (Barbell)",,"",1,"normal",20,11,,,
"Pull","Sep 4, 2026, 4:46 PM","Sep 4, 2026, 5:50 PM","","Hammer Curl (Dumbbell)",,"",0,"normal",12,10,,,
"Pull","Sep 4, 2026, 4:46 PM","Sep 4, 2026, 5:50 PM","","Hammer Curl (Dumbbell)",,"",1,"normal",10,10,,,
"Pull","Sep 4, 2026, 4:46 PM","Sep 4, 2026, 5:50 PM","","Reverse Curl (Barbell)",,"",0,"normal",15,10,,,
"Pull","Sep 4, 2026, 4:46 PM","Sep 4, 2026, 5:50 PM","","Reverse Curl (Barbell)",,"",1,"normal",15,12,,,
"Push","Sep 3, 2026, 1:34 PM","Sep 3, 2026, 3:03 PM","","Chest Press (Machine)",,"",0,"normal",60,10,,,
"Push","Sep 3, 2026, 1:34 PM","Sep 3, 2026, 3:03 PM","","Chest Press (Machine)",,"",1,"normal",60,8,,,
"Push","Sep 3, 2026, 1:34 PM","Sep 3, 2026, 3:03 PM","","Chest Press (Machine)",,"",2,"normal",60,7,,,
"Push","Sep 3, 2026, 1:34 PM","Sep 3, 2026, 3:03 PM","","Incline Bench Press (Dumbbell)",,"",0,"normal",20,7,,,
"Push","Sep 3, 2026, 1:34 PM","Sep 3, 2026, 3:03 PM","","Incline Bench Press (Dumbbell)",,"",1,"normal",20,8,,,
"Push","Sep 3, 2026, 1:34 PM","Sep 3, 2026, 3:03 PM","","Incline Bench Press (Dumbbell)",,"",2,"normal",20,8,,,
"Push","Sep 3, 2026, 1:34 PM","Sep 3, 2026, 3:03 PM","","Butterfly (Pec Deck)",,"",0,"normal",20,9,,,
"Push","Sep 3, 2026, 1:34 PM","Sep 3, 2026, 3:03 PM","","Butterfly (Pec Deck)",,"",1,"normal",15,14,,,
"Push","Sep 3, 2026, 1:34 PM","Sep 3, 2026, 3:03 PM","","Single Arm Lateral Raise (Cable)",,"",0,"normal",7.5,6,,,
"Push","Sep 3, 2026, 1:34 PM","Sep 3, 2026, 3:03 PM","","Single Arm Lateral Raise (Cable)",,"",1,"normal",7.5,6,,,
"Push","Sep 3, 2026, 1:34 PM","Sep 3, 2026, 3:03 PM","","Single Arm Lateral Raise (Cable)",,"",2,"normal",5,14,,,
"Push","Sep 3, 2026, 1:34 PM","Sep 3, 2026, 3:03 PM","","Triceps Pushdown",,"",0,"normal",32.5,11,,,
"Push","Sep 3, 2026, 1:34 PM","Sep 3, 2026, 3:03 PM","","Triceps Pushdown",,"",1,"normal",32.5,7,,,
"Push","Sep 3, 2026, 1:34 PM","Sep 3, 2026, 3:03 PM","","Triceps Pushdown",,"",2,"normal",27.5,9,,,
"Push","Sep 3, 2026, 1:34 PM","Sep 3, 2026, 3:03 PM","","Overhead Triceps Extension (Cable)",,"",0,"normal",15,18,,,
"Push","Sep 3, 2026, 1:34 PM","Sep 3, 2026, 3:03 PM","","Single Arm Tricep Extension (Dumbbell)",,"",0,"normal",8,7,,,
"Upper","Aug 30, 2026, 1:28 AM","Aug 30, 2026, 3:13 AM","","Incline Bench Press (Dumbbell)",,"",0,"normal",20,9,,,
"Upper","Aug 30, 2026, 1:28 AM","Aug 30, 2026, 3:13 AM","","Incline Bench Press (Dumbbell)",,"",1,"normal",20,7,,,
"Upper","Aug 30, 2026, 1:28 AM","Aug 30, 2026, 3:13 AM","","Incline Bench Press (Dumbbell)",,"",2,"normal",20,6,,,
"Upper","Aug 30, 2026, 1:28 AM","Aug 30, 2026, 3:13 AM","","Lat Pulldown (Cable)",,"",0,"normal",70,8,,,
"Upper","Aug 30, 2026, 1:28 AM","Aug 30, 2026, 3:13 AM","","Lat Pulldown (Cable)",,"",1,"normal",65,6,,,
"Upper","Aug 30, 2026, 1:28 AM","Aug 30, 2026, 3:13 AM","","Lat Pulldown (Cable)",,"",2,"normal",60,7,,,
"Upper","Aug 30, 2026, 1:28 AM","Aug 30, 2026, 3:13 AM","","Chest Press (Machine)",,"",0,"normal",50,13,,,
"Upper","Aug 30, 2026, 1:28 AM","Aug 30, 2026, 3:13 AM","","Chest Press (Machine)",,"",1,"normal",60,7,,,
"Upper","Aug 30, 2026, 1:28 AM","Aug 30, 2026, 3:13 AM","","T Bar Row",,"",0,"normal",40,11,,,
"Upper","Aug 30, 2026, 1:28 AM","Aug 30, 2026, 3:13 AM","","T Bar Row",,"",1,"normal",40,8,,,
"Upper","Aug 30, 2026, 1:28 AM","Aug 30, 2026, 3:13 AM","","Single Arm Lateral Raise (Cable)",,"",0,"normal",5,13,,,
"Upper","Aug 30, 2026, 1:28 AM","Aug 30, 2026, 3:13 AM","","Single Arm Lateral Raise (Cable)",,"",1,"normal",7.5,7,,,
"Upper","Aug 30, 2026, 1:28 AM","Aug 30, 2026, 3:13 AM","","Single Arm Lateral Raise (Cable)",,"",2,"normal",7.5,4,,,
"Upper","Aug 30, 2026, 1:28 AM","Aug 30, 2026, 3:13 AM","","Single Arm Lateral Raise (Cable)",,"",3,"dropset",5,6,,,
"Upper","Aug 30, 2026, 1:28 AM","Aug 30, 2026, 3:13 AM","","Single Arm Lateral Raise (Cable)",,"",4,"dropset",2.5,6,,,
"Upper","Aug 30, 2026, 1:28 AM","Aug 30, 2026, 3:13 AM","","Bicep Curl (Barbell)",,"",0,"normal",25,7,,,
"Upper","Aug 30, 2026, 1:28 AM","Aug 30, 2026, 3:13 AM","","Bicep Curl (Barbell)",,"",1,"normal",20,12,,,
"Upper","Aug 30, 2026, 1:28 AM","Aug 30, 2026, 3:13 AM","","Triceps Pushdown",,"",0,"normal",25,21,,,
"Upper","Aug 30, 2026, 1:28 AM","Aug 30, 2026, 3:13 AM","","Triceps Pushdown",,"",1,"normal",32.5,9,,,
"Leg","Aug 28, 2026, 3:56 PM","Aug 28, 2026, 4:50 PM","","Leg Press Horizontal (Machine)",,"",0,"normal",90,12,,,
"Leg","Aug 28, 2026, 3:56 PM","Aug 28, 2026, 4:50 PM","","Leg Press Horizontal (Machine)",,"",1,"normal",80,12,,,
"Leg","Aug 28, 2026, 3:56 PM","Aug 28, 2026, 4:50 PM","","Leg Press Horizontal (Machine)",,"",2,"normal",70,16,,,
"Leg","Aug 28, 2026, 3:56 PM","Aug 28, 2026, 4:50 PM","","Seated Leg Curl (Machine)",,"",0,"normal",47.5,9,,,
"Leg","Aug 28, 2026, 3:56 PM","Aug 28, 2026, 4:50 PM","","Seated Leg Curl (Machine)",,"",1,"normal",47.5,8,,,
"Leg","Aug 28, 2026, 3:56 PM","Aug 28, 2026, 4:50 PM","","Seated Leg Curl (Machine)",,"",2,"normal",42.5,10,,,
"Leg","Aug 28, 2026, 3:56 PM","Aug 28, 2026, 4:50 PM","","Leg Extension (Machine)",,"",0,"normal",45,14,,,
"Leg","Aug 28, 2026, 3:56 PM","Aug 28, 2026, 4:50 PM","","Leg Extension (Machine)",,"",1,"normal",50,11,,,
"Leg","Aug 28, 2026, 3:56 PM","Aug 28, 2026, 4:50 PM","","Leg Extension (Machine)",,"",2,"normal",50,9,,,
"Leg","Aug 28, 2026, 3:56 PM","Aug 28, 2026, 4:50 PM","","Back Extension (Weighted Hyperextension)",,"",0,"normal",10,12,,,
"Leg","Aug 28, 2026, 3:56 PM","Aug 28, 2026, 4:50 PM","","Back Extension (Weighted Hyperextension)",,"",1,"normal",10,8,,,
"Leg","Aug 28, 2026, 3:56 PM","Aug 28, 2026, 4:50 PM","","Back Extension (Weighted Hyperextension)",,"",2,"normal",10,8,,,
"Leg","Aug 28, 2026, 3:56 PM","Aug 28, 2026, 4:50 PM","","Seated Calf Raise",,"",0,"normal",15,13,,,
"Pull","Aug 28, 2026, 12:49 AM","Aug 28, 2026, 1:49 AM","","Lat Pulldown (Cable)",,"",0,"normal",70,7,,,
"Pull","Aug 28, 2026, 12:49 AM","Aug 28, 2026, 1:49 AM","","Lat Pulldown (Cable)",,"",1,"normal",65,6,,,
"Pull","Aug 28, 2026, 12:49 AM","Aug 28, 2026, 1:49 AM","","Lat Pulldown (Cable)",,"",2,"normal",60,8,,,
"Pull","Aug 28, 2026, 12:49 AM","Aug 28, 2026, 1:49 AM","","T Bar Row",,"",0,"normal",40,6,,,
"Pull","Aug 28, 2026, 12:49 AM","Aug 28, 2026, 1:49 AM","","T Bar Row",,"",1,"normal",30,10,,,
"Pull","Aug 28, 2026, 12:49 AM","Aug 28, 2026, 1:49 AM","","T Bar Row",,"",2,"normal",30,9,,,
"Pull","Aug 28, 2026, 12:49 AM","Aug 28, 2026, 1:49 AM","","Seated Cable Row - V Grip (Cable)",,"",0,"normal",50,7,,,
"Pull","Aug 28, 2026, 12:49 AM","Aug 28, 2026, 1:49 AM","","Seated Cable Row - V Grip (Cable)",,"",1,"normal",45,6,,,
"Pull","Aug 28, 2026, 12:49 AM","Aug 28, 2026, 1:49 AM","","Seated Cable Row - V Grip (Cable)",,"",2,"dropset",30,9,,,
"Pull","Aug 28, 2026, 12:49 AM","Aug 28, 2026, 1:49 AM","","Rear Delt Reverse Fly (Machine)",,"",0,"normal",15,10,,,
"Pull","Aug 28, 2026, 12:49 AM","Aug 28, 2026, 1:49 AM","","Rear Delt Reverse Fly (Machine)",,"",1,"normal",15,9,,,
"Pull","Aug 28, 2026, 12:49 AM","Aug 28, 2026, 1:49 AM","","Rear Delt Reverse Fly (Machine)",,"",2,"normal",10,12,,,
"Pull","Aug 28, 2026, 12:49 AM","Aug 28, 2026, 1:49 AM","","Bicep Curl (Barbell)",,"",0,"normal",25,7,,,
"Pull","Aug 28, 2026, 12:49 AM","Aug 28, 2026, 1:49 AM","","Bicep Curl (Barbell)",,"",1,"normal",20,8,,,
"Pull","Aug 28, 2026, 12:49 AM","Aug 28, 2026, 1:49 AM","","Bicep Curl (Barbell)",,"",2,"normal",20,7,,,
"Pull","Aug 28, 2026, 12:49 AM","Aug 28, 2026, 1:49 AM","","Hammer Curl (Dumbbell)",,"",0,"normal",12,6,,,
"Pull","Aug 28, 2026, 12:49 AM","Aug 28, 2026, 1:49 AM","","Hammer Curl (Dumbbell)",,"",1,"normal",10,8,,,
"Pull","Aug 28, 2026, 12:49 AM","Aug 28, 2026, 1:49 AM","","Hammer Curl (Dumbbell)",,"",2,"dropset",8,6,,,
"Pull","Aug 28, 2026, 12:49 AM","Aug 28, 2026, 1:49 AM","","Reverse Curl (Barbell)",,"",0,"normal",20,7,,,
"Pull","Aug 28, 2026, 12:49 AM","Aug 28, 2026, 1:49 AM","","Reverse Curl (Barbell)",,"",1,"normal",15,7,,,
"Pull","Aug 28, 2026, 12:49 AM","Aug 28, 2026, 1:49 AM","","Reverse Curl (Barbell)",,"",2,"normal",10,11,,,
"Push","Aug 27, 2026, 1:50 AM","Aug 27, 2026, 2:47 AM","","Push Up",,"",0,"normal",,20,,,
"Push","Aug 27, 2026, 1:50 AM","Aug 27, 2026, 2:47 AM","","Push Up",,"",1,"normal",,17,,,
"Push","Aug 27, 2026, 1:50 AM","Aug 27, 2026, 2:47 AM","","Push Up",,"",2,"normal",,13,,,
"Push","Aug 27, 2026, 1:50 AM","Aug 27, 2026, 2:47 AM","","Incline Bench Press (Dumbbell)",,"",0,"normal",22,4,,,
"Push","Aug 27, 2026, 1:50 AM","Aug 27, 2026, 2:47 AM","","Incline Bench Press (Dumbbell)",,"",1,"normal",20,5,,,
"Push","Aug 27, 2026, 1:50 AM","Aug 27, 2026, 2:47 AM","","Incline Bench Press (Dumbbell)",,"",2,"normal",16,7,,,
"Push","Aug 27, 2026, 1:50 AM","Aug 27, 2026, 2:47 AM","","Chest Press (Machine)",,"",0,"normal",50,9,,,
"Push","Aug 27, 2026, 1:50 AM","Aug 27, 2026, 2:47 AM","","Chest Press (Machine)",,"",1,"normal",45,7,,,
"Push","Aug 27, 2026, 1:50 AM","Aug 27, 2026, 2:47 AM","","Single Arm Lateral Raise (Cable)",,"",0,"normal",5,12,,,
"Push","Aug 27, 2026, 1:50 AM","Aug 27, 2026, 2:47 AM","","Single Arm Lateral Raise (Cable)",,"",1,"normal",5,9,,,
"Push","Aug 27, 2026, 1:50 AM","Aug 27, 2026, 2:47 AM","","Single Arm Lateral Raise (Cable)",,"",2,"normal",5,9,,,
"Push","Aug 27, 2026, 1:50 AM","Aug 27, 2026, 2:47 AM","","Triceps Pushdown",,"",0,"normal",25,15,,,
"Push","Aug 27, 2026, 1:50 AM","Aug 27, 2026, 2:47 AM","","Triceps Pushdown",,"",1,"normal",25,10,,,
"Push","Aug 27, 2026, 1:50 AM","Aug 27, 2026, 2:47 AM","","Triceps Pushdown",,"",2,"normal",20,10,,,
"Push","Aug 27, 2026, 1:50 AM","Aug 27, 2026, 2:47 AM","","Overhead Triceps Extension (Cable)",,"",0,"normal",40,16,,,
"Push","Aug 27, 2026, 1:50 AM","Aug 27, 2026, 2:47 AM","","Overhead Triceps Extension (Cable)",,"",1,"normal",60,10,,,
"Pull","Aug 14, 2026, 4:05 PM","Aug 14, 2026, 5:00 PM","","Lat Pulldown (Cable)",,"",0,"normal",70,7,,,
"Pull","Aug 14, 2026, 4:05 PM","Aug 14, 2026, 5:00 PM","","Lat Pulldown (Cable)",,"",1,"normal",65,7,,,
"Pull","Aug 14, 2026, 4:05 PM","Aug 14, 2026, 5:00 PM","","Lat Pulldown (Cable)",,"",2,"normal",60,7,,,
"Pull","Aug 14, 2026, 4:05 PM","Aug 14, 2026, 5:00 PM","","T Bar Row",,"",0,"normal",40,8,,,
"Pull","Aug 14, 2026, 4:05 PM","Aug 14, 2026, 5:00 PM","","T Bar Row",,"",1,"normal",40,7,,,
"Pull","Aug 14, 2026, 4:05 PM","Aug 14, 2026, 5:00 PM","","T Bar Row",,"",2,"normal",30,9,,,
"Pull","Aug 14, 2026, 4:05 PM","Aug 14, 2026, 5:00 PM","","T Bar Row",,"",3,"dropset",20,6,,,
"Pull","Aug 14, 2026, 4:05 PM","Aug 14, 2026, 5:00 PM","","Seated Cable Row - V Grip (Cable)",,"",0,"normal",55,8,,,
"Pull","Aug 14, 2026, 4:05 PM","Aug 14, 2026, 5:00 PM","","Seated Cable Row - V Grip (Cable)",,"",1,"normal",55,6,,,
"Pull","Aug 14, 2026, 4:05 PM","Aug 14, 2026, 5:00 PM","","Seated Cable Row - V Grip (Cable)",,"",2,"normal",50,6,,,
"Pull","Aug 14, 2026, 4:05 PM","Aug 14, 2026, 5:00 PM","","Seated Cable Row - V Grip (Cable)",,"",3,"dropset",35,6,,,
"Pull","Aug 14, 2026, 4:05 PM","Aug 14, 2026, 5:00 PM","","Rear Delt Reverse Fly (Machine)",,"",0,"normal",15,12,,,
"Pull","Aug 14, 2026, 4:05 PM","Aug 14, 2026, 5:00 PM","","Rear Delt Reverse Fly (Machine)",,"",1,"normal",15,10,,,
"Pull","Aug 14, 2026, 4:05 PM","Aug 14, 2026, 5:00 PM","","Rear Delt Reverse Fly (Machine)",,"",2,"normal",10,12,,,
"Pull","Aug 14, 2026, 4:05 PM","Aug 14, 2026, 5:00 PM","","Bicep Curl (Barbell)",,"",0,"normal",25,7,,,
"Pull","Aug 14, 2026, 4:05 PM","Aug 14, 2026, 5:00 PM","","Bicep Curl (Barbell)",,"",1,"normal",20,8,,,
"Pull","Aug 14, 2026, 4:05 PM","Aug 14, 2026, 5:00 PM","","Bicep Curl (Barbell)",,"",2,"normal",20,6,,,
"Pull","Aug 14, 2026, 4:05 PM","Aug 14, 2026, 5:00 PM","","Bicep Curl (Barbell)",,"",3,"dropset",15,6,,,
"Pull","Aug 14, 2026, 4:05 PM","Aug 14, 2026, 5:00 PM","","Hammer Curl (Dumbbell)",,"",0,"normal",12,8,,,
"Pull","Aug 14, 2026, 4:05 PM","Aug 14, 2026, 5:00 PM","","Hammer Curl (Dumbbell)",,"",1,"normal",10,10,,,
"Pull","Aug 14, 2026, 4:05 PM","Aug 14, 2026, 5:00 PM","","Hammer Curl (Dumbbell)",,"",2,"normal",10,8,,,
"Legs","Aug 2, 2026, 9:56 PM","Aug 2, 2026, 10:56 PM","","Leg Extension (Machine)",,"",0,"normal",45,13,,,
"Legs","Aug 2, 2026, 9:56 PM","Aug 2, 2026, 10:56 PM","","Leg Extension (Machine)",,"",1,"normal",50,8,,,
"Legs","Aug 2, 2026, 9:56 PM","Aug 2, 2026, 10:56 PM","","Leg Extension (Machine)",,"",2,"normal",50,9,,,
"Legs","Aug 2, 2026, 9:56 PM","Aug 2, 2026, 10:56 PM","","Leg Press Horizontal (Machine)",,"",0,"normal",90,10,,,
"Legs","Aug 2, 2026, 9:56 PM","Aug 2, 2026, 10:56 PM","","Leg Press Horizontal (Machine)",,"",1,"normal",80,8,,,
"Legs","Aug 2, 2026, 9:56 PM","Aug 2, 2026, 10:56 PM","","Leg Press Horizontal (Machine)",,"",2,"normal",70,11,,,
"Legs","Aug 2, 2026, 9:56 PM","Aug 2, 2026, 10:56 PM","","Seated Leg Curl (Machine)",,"",0,"normal",45,11,,,
"Legs","Aug 2, 2026, 9:56 PM","Aug 2, 2026, 10:56 PM","","Seated Leg Curl (Machine)",,"",1,"normal",50,6,,,
"Legs","Aug 2, 2026, 9:56 PM","Aug 2, 2026, 10:56 PM","","Seated Leg Curl (Machine)",,"",2,"normal",40,8,,,
"Legs","Aug 2, 2026, 9:56 PM","Aug 2, 2026, 10:56 PM","","Seated Calf Raise",,"",0,"normal",15,12,,,
"Legs","Aug 2, 2026, 9:56 PM","Aug 2, 2026, 10:56 PM","","Seated Calf Raise",,"",1,"normal",17.5,9,,,
"Legs","Aug 2, 2026, 9:56 PM","Aug 2, 2026, 10:56 PM","","Seated Calf Raise",,"",2,"normal",20,8,,,
"Legs","Aug 2, 2026, 9:56 PM","Aug 2, 2026, 10:56 PM","","Reverse Curl (Barbell)",,"",0,"normal",20,12,,,
"Legs","Aug 2, 2026, 9:56 PM","Aug 2, 2026, 10:56 PM","","Reverse Curl (Barbell)",,"",1,"normal",20,8,,,
"Legs","Aug 2, 2026, 9:56 PM","Aug 2, 2026, 10:56 PM","","Reverse Curl (Barbell)",,"",2,"normal",20,6,,,
"Legs","Aug 2, 2026, 9:56 PM","Aug 2, 2026, 10:56 PM","","Behind the Back Wrist Curl (Barbell)",,"",0,"normal",20,16,,,
"Legs","Aug 2, 2026, 9:56 PM","Aug 2, 2026, 10:56 PM","","Behind the Back Wrist Curl (Barbell)",,"",1,"normal",25,8,,,
"Legs","Aug 2, 2026, 9:56 PM","Aug 2, 2026, 10:56 PM","","Behind the Back Wrist Curl (Barbell)",,"",2,"normal",25,9,,,
"Morning workout ☀️","Aug 1, 2026, 1:45 AM","Aug 1, 2026, 3:01 AM","","Incline Bench Press (Dumbbell)",,"",0,"normal",22,7,,,
"Morning workout ☀️","Aug 1, 2026, 1:45 AM","Aug 1, 2026, 3:01 AM","","Incline Bench Press (Dumbbell)",,"",1,"normal",22,6,,,
"Morning workout ☀️","Aug 1, 2026, 1:45 AM","Aug 1, 2026, 3:01 AM","","Incline Bench Press (Dumbbell)",,"",2,"normal",22,7,,,
"Morning workout ☀️","Aug 1, 2026, 1:45 AM","Aug 1, 2026, 3:01 AM","","Chest Press (Machine)",,"",0,"normal",65,6,,,
"Morning workout ☀️","Aug 1, 2026, 1:45 AM","Aug 1, 2026, 3:01 AM","","Chest Press (Machine)",,"",1,"normal",60,6,,,
"Morning workout ☀️","Aug 1, 2026, 1:45 AM","Aug 1, 2026, 3:01 AM","","Chest Press (Machine)",,"",2,"normal",55,7,,,
"Morning workout ☀️","Aug 1, 2026, 1:45 AM","Aug 1, 2026, 3:01 AM","","Seated Cable Row - V Grip (Cable)",,"",0,"normal",50,11,,,
"Morning workout ☀️","Aug 1, 2026, 1:45 AM","Aug 1, 2026, 3:01 AM","","Seated Cable Row - V Grip (Cable)",,"",1,"normal",55,9,,,
"Morning workout ☀️","Aug 1, 2026, 1:45 AM","Aug 1, 2026, 3:01 AM","","Seated Cable Row - V Grip (Cable)",,"",2,"normal",55,6,,,
"Morning workout ☀️","Aug 1, 2026, 1:45 AM","Aug 1, 2026, 3:01 AM","","Lat Pulldown (Cable)",,"",0,"normal",70,6,,,
"Morning workout ☀️","Aug 1, 2026, 1:45 AM","Aug 1, 2026, 3:01 AM","","Lat Pulldown (Cable)",,"",1,"normal",65,6,,,
"Morning workout ☀️","Aug 1, 2026, 1:45 AM","Aug 1, 2026, 3:01 AM","","Lat Pulldown (Cable)",,"",2,"normal",60,6,,,
"Morning workout ☀️","Aug 1, 2026, 1:45 AM","Aug 1, 2026, 3:01 AM","","Single Arm Lateral Raise (Cable)",,"",0,"normal",7.5,6,,,
"Morning workout ☀️","Aug 1, 2026, 1:45 AM","Aug 1, 2026, 3:01 AM","","Single Arm Lateral Raise (Cable)",,"",1,"normal",5,12,,,
"Morning workout ☀️","Aug 1, 2026, 1:45 AM","Aug 1, 2026, 3:01 AM","","Single Arm Lateral Raise (Cable)",,"",2,"normal",7.5,6,,,
"Morning workout ☀️","Aug 1, 2026, 1:45 AM","Aug 1, 2026, 3:01 AM","","Bicep Curl (Barbell)",,"",0,"normal",25,7,,,
"Morning workout ☀️","Aug 1, 2026, 1:45 AM","Aug 1, 2026, 3:01 AM","","Bicep Curl (Barbell)",,"",1,"normal",25,7,,,
"Morning workout ☀️","Aug 1, 2026, 1:45 AM","Aug 1, 2026, 3:01 AM","","Bicep Curl (Barbell)",,"",2,"normal",20,10,,,
"Morning workout ☀️","Aug 1, 2026, 1:45 AM","Aug 1, 2026, 3:01 AM","","Triceps Pushdown",,"",0,"normal",30,8,,,
"Morning workout ☀️","Aug 1, 2026, 1:45 AM","Aug 1, 2026, 3:01 AM","","Triceps Pushdown",,"",1,"normal",30,6,,,
"Morning workout ☀️","Aug 1, 2026, 1:45 AM","Aug 1, 2026, 3:01 AM","","Triceps Pushdown",,"",2,"normal",27.5,8,,,
"Upper","Jul 28, 2026, 11:22 PM","Jul 29, 2026, 12:36 AM","","Incline Bench Press (Dumbbell)",,"",0,"normal",22,7,,,
"Upper","Jul 28, 2026, 11:22 PM","Jul 29, 2026, 12:36 AM","","Incline Bench Press (Dumbbell)",,"",1,"normal",22,6,,,
"Upper","Jul 28, 2026, 11:22 PM","Jul 29, 2026, 12:36 AM","","Incline Bench Press (Dumbbell)",,"",2,"normal",22,7,,,
"Upper","Jul 28, 2026, 11:22 PM","Jul 29, 2026, 12:36 AM","","Chest Press (Machine)",,"",0,"normal",65,5,,,
"Upper","Jul 28, 2026, 11:22 PM","Jul 29, 2026, 12:36 AM","","Chest Press (Machine)",,"",1,"normal",55,6,,,
"Upper","Jul 28, 2026, 11:22 PM","Jul 29, 2026, 12:36 AM","","Chest Press (Machine)",,"",2,"normal",50,6,,,
"Upper","Jul 28, 2026, 11:22 PM","Jul 29, 2026, 12:36 AM","","Seated Cable Row - V Grip (Cable)",,"",0,"normal",45,12,,,
"Upper","Jul 28, 2026, 11:22 PM","Jul 29, 2026, 12:36 AM","","Seated Cable Row - V Grip (Cable)",,"",1,"normal",45,9,,,
"Upper","Jul 28, 2026, 11:22 PM","Jul 29, 2026, 12:36 AM","","Seated Cable Row - V Grip (Cable)",,"",2,"normal",45,8,,,
"Upper","Jul 28, 2026, 11:22 PM","Jul 29, 2026, 12:36 AM","","Lat Pulldown (Cable)",,"",0,"normal",70,5,,,
"Upper","Jul 28, 2026, 11:22 PM","Jul 29, 2026, 12:36 AM","","Lat Pulldown (Cable)",,"",1,"normal",60,6,,,
"Upper","Jul 28, 2026, 11:22 PM","Jul 29, 2026, 12:36 AM","","Lat Pulldown (Cable)",,"",2,"normal",50,9,,,
"Upper","Jul 28, 2026, 11:22 PM","Jul 29, 2026, 12:36 AM","","Lateral Raise (Dumbbell)",,"",0,"normal",10,9,,,
"Upper","Jul 28, 2026, 11:22 PM","Jul 29, 2026, 12:36 AM","","Lateral Raise (Dumbbell)",,"",1,"normal",10,9,,,
"Upper","Jul 28, 2026, 11:22 PM","Jul 29, 2026, 12:36 AM","","Lateral Raise (Dumbbell)",,"",2,"normal",10,8,,,
"Upper","Jul 28, 2026, 11:22 PM","Jul 29, 2026, 12:36 AM","","Bicep Curl (Dumbbell)",,"",0,"normal",12,12,,,
"Upper","Jul 28, 2026, 11:22 PM","Jul 29, 2026, 12:36 AM","","Bicep Curl (Dumbbell)",,"",1,"normal",14,7,,,
"Upper","Jul 28, 2026, 11:22 PM","Jul 29, 2026, 12:36 AM","","Bicep Curl (Dumbbell)",,"",2,"normal",12,8,,,
"Upper","Jul 28, 2026, 11:22 PM","Jul 29, 2026, 12:36 AM","","Triceps Pushdown",,"",0,"normal",27.5,6,,,
"Upper","Jul 28, 2026, 11:22 PM","Jul 29, 2026, 12:36 AM","","Triceps Pushdown",,"",1,"normal",22.5,8,,,
"Legs","Jul 27, 2026, 8:05 PM","Jul 27, 2026, 9:13 PM","","Leg Extension (Machine)",,"",0,"normal",45,13,,,
"Legs","Jul 27, 2026, 8:05 PM","Jul 27, 2026, 9:13 PM","","Leg Extension (Machine)",,"",1,"normal",50,8,,,
"Legs","Jul 27, 2026, 8:05 PM","Jul 27, 2026, 9:13 PM","","Leg Extension (Machine)",,"",2,"normal",50,9,,,
"Legs","Jul 27, 2026, 8:05 PM","Jul 27, 2026, 9:13 PM","","Leg Press Horizontal (Machine)",,"",0,"normal",90,9,,,
"Legs","Jul 27, 2026, 8:05 PM","Jul 27, 2026, 9:13 PM","","Leg Press Horizontal (Machine)",,"",1,"normal",80,9,,,
"Legs","Jul 27, 2026, 8:05 PM","Jul 27, 2026, 9:13 PM","","Leg Press Horizontal (Machine)",,"",2,"normal",70,8,,,
"Legs","Jul 27, 2026, 8:05 PM","Jul 27, 2026, 9:13 PM","","Seated Leg Curl (Machine)",,"",0,"normal",45,8,,,
"Legs","Jul 27, 2026, 8:05 PM","Jul 27, 2026, 9:13 PM","","Seated Leg Curl (Machine)",,"",1,"normal",45,7,,,
"Legs","Jul 27, 2026, 8:05 PM","Jul 27, 2026, 9:13 PM","","Seated Leg Curl (Machine)",,"",2,"normal",40,7,,,
"Legs","Jul 27, 2026, 8:05 PM","Jul 27, 2026, 9:13 PM","","Seated Calf Raise",,"",0,"normal",15,10,,,
"Legs","Jul 27, 2026, 8:05 PM","Jul 27, 2026, 9:13 PM","","Seated Calf Raise",,"",1,"normal",15,9,,,
"Legs","Jul 27, 2026, 8:05 PM","Jul 27, 2026, 9:13 PM","","Seated Calf Raise",,"",2,"normal",15,8,,,
"Legs","Jul 27, 2026, 8:05 PM","Jul 27, 2026, 9:13 PM","","Reverse Curl (Barbell)",,"",0,"normal",20,10,,,
"Legs","Jul 27, 2026, 8:05 PM","Jul 27, 2026, 9:13 PM","","Reverse Curl (Barbell)",,"",1,"normal",20,8,,,
"Legs","Jul 27, 2026, 8:05 PM","Jul 27, 2026, 9:13 PM","","Reverse Curl (Barbell)",,"",2,"normal",20,7,,,
"Legs","Jul 27, 2026, 8:05 PM","Jul 27, 2026, 9:13 PM","","Behind the Back Wrist Curl (Barbell)",,"",0,"normal",20,9,,,
"Legs","Jul 27, 2026, 8:05 PM","Jul 27, 2026, 9:13 PM","","Behind the Back Wrist Curl (Barbell)",,"",1,"normal",20,8,,,
"Legs","Jul 27, 2026, 8:05 PM","Jul 27, 2026, 9:13 PM","","Behind the Back Wrist Curl (Barbell)",,"",2,"normal",20,8,,,
"Pull","Jul 24, 2026, 6:25 PM","Jul 24, 2026, 7:50 PM","","Lat Pulldown (Cable)",,"",0,"normal",75,6,,,
"Pull","Jul 24, 2026, 6:25 PM","Jul 24, 2026, 7:50 PM","","Lat Pulldown (Cable)",,"",1,"normal",70,5,,,
"Pull","Jul 24, 2026, 6:25 PM","Jul 24, 2026, 7:50 PM","","Lat Pulldown (Cable)",,"",2,"normal",60,5,,,
"Pull","Jul 24, 2026, 6:25 PM","Jul 24, 2026, 7:50 PM","","T Bar Row",,"",0,"normal",40,7,,,
"Pull","Jul 24, 2026, 6:25 PM","Jul 24, 2026, 7:50 PM","","T Bar Row",,"",1,"normal",40,8,,,
"Pull","Jul 24, 2026, 6:25 PM","Jul 24, 2026, 7:50 PM","","T Bar Row",,"",2,"dropset",40,6,,,
"Pull","Jul 24, 2026, 6:25 PM","Jul 24, 2026, 7:50 PM","","T Bar Row",,"",3,"dropset",20,5,,,
"Pull","Jul 24, 2026, 6:25 PM","Jul 24, 2026, 7:50 PM","","Dumbbell Row",,"",0,"normal",28,8,,,
"Pull","Jul 24, 2026, 6:25 PM","Jul 24, 2026, 7:50 PM","","Dumbbell Row",,"",1,"normal",28,6,,,
"Pull","Jul 24, 2026, 6:25 PM","Jul 24, 2026, 7:50 PM","","Dumbbell Row",,"",2,"normal",28,5,,,
"Late night workout 🌙","Jul 14, 2026, 12:59 AM","Jul 14, 2026, 1:24 AM","","Hack Squat",,"",0,"normal",15,9,,,
"Late night workout 🌙","Jul 14, 2026, 12:59 AM","Jul 14, 2026, 1:24 AM","","Hack Squat",,"",1,"normal",15,6,,,
"Late night workout 🌙","Jul 14, 2026, 12:59 AM","Jul 14, 2026, 1:24 AM","","Hack Squat",,"",2,"normal",15,6,,,
"Late night workout 🌙","Jul 14, 2026, 12:59 AM","Jul 14, 2026, 1:24 AM","","Romanian Deadlift (Dumbbell)",,"",0,"normal",20,10,,,
"Late night workout 🌙","Jul 14, 2026, 12:59 AM","Jul 14, 2026, 1:24 AM","","Romanian Deadlift (Dumbbell)",,"",1,"normal",20,8,,,
"Late night workout 🌙","Jul 14, 2026, 12:59 AM","Jul 14, 2026, 1:24 AM","","Romanian Deadlift (Dumbbell)",,"",2,"normal",20,6,,,
"Late night workout 🌙","Jul 14, 2026, 12:59 AM","Jul 14, 2026, 1:24 AM","","Leg Extension (Machine)",,"",0,"normal",45,6,,,
"Late night workout 🌙","Jul 14, 2026, 12:59 AM","Jul 14, 2026, 1:24 AM","","Leg Extension (Machine)",,"",1,"normal",40,9,,,
"Late night workout 🌙","Jul 14, 2026, 12:59 AM","Jul 14, 2026, 1:24 AM","","Leg Extension (Machine)",,"",2,"normal",40,10,,,
"Late night workout 🌙","Jul 14, 2026, 12:59 AM","Jul 14, 2026, 1:24 AM","","Seated Leg Curl (Machine)",,"",0,"normal",45,7,,,
"Late night workout 🌙","Jul 14, 2026, 12:59 AM","Jul 14, 2026, 1:24 AM","","Seated Leg Curl (Machine)",,"",1,"normal",40,6,,,
"Late night workout 🌙","Jul 14, 2026, 12:59 AM","Jul 14, 2026, 1:24 AM","","Seated Calf Raise",,"",0,"normal",15,7,,,
"Late night workout 🌙","Jul 14, 2026, 12:59 AM","Jul 14, 2026, 1:24 AM","","Seated Calf Raise",,"",1,"normal",15,8,,,
"pull","Jul 10, 2026, 4:04 PM","Jul 10, 2026, 5:14 PM","","T Bar Row",,"",0,"normal",40,9,,,
"pull","Jul 10, 2026, 4:04 PM","Jul 10, 2026, 5:14 PM","","T Bar Row",,"",1,"normal",40,8,,,
"pull","Jul 10, 2026, 4:04 PM","Jul 10, 2026, 5:14 PM","","T Bar Row",,"",2,"normal",40,5,,,
"pull","Jul 10, 2026, 4:04 PM","Jul 10, 2026, 5:14 PM","","Lat Pulldown (Cable)",,"",0,"normal",65,7,,,
"pull","Jul 10, 2026, 4:04 PM","Jul 10, 2026, 5:14 PM","","Lat Pulldown (Cable)",,"",1,"normal",55,5,,,
"Shoulder + Arms A","Jul 2, 2026, 3:12 PM","Jul 2, 2026, 4:30 PM","","Shoulder Press (Machine Plates)",,"",0,"normal",30,6,,,
"Shoulder + Arms A","Jul 2, 2026, 3:12 PM","Jul 2, 2026, 4:30 PM","","Shoulder Press (Machine Plates)",,"",1,"normal",30,5,,,
"Shoulder + Arms A","Jul 2, 2026, 3:12 PM","Jul 2, 2026, 4:30 PM","","Seated Lateral Raise (Dumbbell)",,"",0,"normal",10,8,,,
"Shoulder + Arms A","Jul 2, 2026, 3:12 PM","Jul 2, 2026, 4:30 PM","","Seated Lateral Raise (Dumbbell)",,"",1,"normal",10,9,,,
"Shoulder + Arms A","Jul 2, 2026, 3:12 PM","Jul 2, 2026, 4:30 PM","","Bicep Curl (Barbell)",,"",0,"normal",20,11,,,
"Shoulder + Arms A","Jul 2, 2026, 3:12 PM","Jul 2, 2026, 4:30 PM","","Bicep Curl (Barbell)",,"",1,"normal",20,12,,,
"Shoulder + Arms A","Jul 2, 2026, 3:12 PM","Jul 2, 2026, 4:30 PM","","Hammer Curl (Dumbbell)",,"",0,"normal",12,8,,,
"Chest + Back B","Jun 28, 2026, 2:36 AM","Jun 28, 2026, 3:44 AM","","Incline Bench Press (Dumbbell)",,"",0,"normal",20,7,,,
"Chest + Back B","Jun 28, 2026, 2:36 AM","Jun 28, 2026, 3:44 AM","","Incline Bench Press (Dumbbell)",,"",1,"normal",20,7,,,
"Chest + Back B","Jun 28, 2026, 2:36 AM","Jun 28, 2026, 3:44 AM","","Incline Bench Press (Dumbbell)",,"",2,"normal",18,6,,,
"Chest + Back B","Jun 28, 2026, 2:36 AM","Jun 28, 2026, 3:44 AM","","Chest Press (Machine)",,"",0,"normal",80,4,,,
"Chest + Back B","Jun 28, 2026, 2:36 AM","Jun 28, 2026, 3:44 AM","","Chest Press (Machine)",,"",1,"normal",65,6,,,
"Chest + Back B","Jun 28, 2026, 2:36 AM","Jun 28, 2026, 3:44 AM","","Chest Press (Machine)",,"",2,"normal",55,5,,,
"Chest + Back B","Jun 28, 2026, 2:36 AM","Jun 28, 2026, 3:44 AM","","Butterfly (Pec Deck)",,"",0,"normal",20,9,,,
"Chest + Back B","Jun 28, 2026, 2:36 AM","Jun 28, 2026, 3:44 AM","","Butterfly (Pec Deck)",,"",1,"normal",20,6,,,
"Chest + Back B","Jun 28, 2026, 2:36 AM","Jun 28, 2026, 3:44 AM","","Lat Pulldown (Cable)",,"",0,"normal",60,8,,,
"Chest + Back B","Jun 28, 2026, 2:36 AM","Jun 28, 2026, 3:44 AM","","Lat Pulldown (Cable)",,"",1,"normal",60,6,,,
"Chest + Back B","Jun 28, 2026, 2:36 AM","Jun 28, 2026, 3:44 AM","","Lat Pulldown (Cable)",,"",2,"normal",40,10,,,
"Chest + Back B","Jun 28, 2026, 2:36 AM","Jun 28, 2026, 3:44 AM","","Seated Cable Row - V Grip (Cable)",,"",0,"normal",45,11,,,
"Chest + Back B","Jun 28, 2026, 2:36 AM","Jun 28, 2026, 3:44 AM","","Seated Cable Row - V Grip (Cable)",,"",1,"normal",45,9,,,
"Chest + Back B","Jun 28, 2026, 2:36 AM","Jun 28, 2026, 3:44 AM","","Seated Cable Row - V Grip (Cable)",,"",2,"normal",30,13,,,
"Chest + Back B","Jun 28, 2026, 2:36 AM","Jun 28, 2026, 3:44 AM","","Reverse Curl (Barbell)",,"",0,"normal",20,10,,,
"Chest + Back B","Jun 28, 2026, 2:36 AM","Jun 28, 2026, 3:44 AM","","Reverse Curl (Barbell)",,"",1,"normal",20,8,,,
"Chest + Back B","Jun 28, 2026, 2:36 AM","Jun 28, 2026, 3:44 AM","","Reverse Curl (Barbell)",,"",2,"normal",20,5,,,
"Chest + Back B","Jun 28, 2026, 2:36 AM","Jun 28, 2026, 3:44 AM","","Behind the Back Wrist Curl (Barbell)",,"",0,"normal",20,8,,,
"Chest + Back B","Jun 28, 2026, 2:36 AM","Jun 28, 2026, 3:44 AM","","Behind the Back Wrist Curl (Barbell)",,"",1,"normal",20,7,,,
"Chest + Back A","Jun 10, 2026, 8:04 AM","Jun 10, 2026, 8:52 AM","","Bench Press (Barbell)",,"",0,"normal",60,10,,,
"Chest + Back A","Jun 10, 2026, 8:04 AM","Jun 10, 2026, 8:52 AM","","Bench Press (Barbell)",,"",1,"normal",60,6,,,
"Chest + Back A","Jun 10, 2026, 8:04 AM","Jun 10, 2026, 8:52 AM","","Incline Chest Press (Machine)",,"",0,"normal",40,7,,,
"Chest + Back A","Jun 10, 2026, 8:04 AM","Jun 10, 2026, 8:52 AM","","Incline Chest Press (Machine)",,"",1,"normal",40,8,,,
"Chest + Back A","Jun 10, 2026, 8:04 AM","Jun 10, 2026, 8:52 AM","","Incline Chest Press (Machine)",,"",2,"normal",40,5,,,
"Chest + Back A","Jun 10, 2026, 8:04 AM","Jun 10, 2026, 8:52 AM","","Lat Pulldown (Cable)",,"",0,"normal",60,8,,,
"Chest + Back A","Jun 10, 2026, 8:04 AM","Jun 10, 2026, 8:52 AM","","Lat Pulldown (Cable)",,"",1,"normal",60,5,,,
"Chest + Back A","Jun 10, 2026, 8:04 AM","Jun 10, 2026, 8:52 AM","","Seated Cable Row - V Grip (Cable)",,"",0,"normal",45,10,,,
"Chest + Back A","Jun 10, 2026, 8:04 AM","Jun 10, 2026, 8:52 AM","","Seated Cable Row - V Grip (Cable)",,"",1,"normal",45,8,,,
"Chest + Back A","Jun 10, 2026, 8:04 AM","Jun 10, 2026, 8:52 AM","","Seated Cable Row - V Grip (Cable)",,"",2,"normal",30,12,,,
"Arms + Delts","Jun 8, 2026, 8:19 AM","Jun 8, 2026, 8:55 AM","","Seated Shoulder Press (Machine)",,"",0,"normal",25,8,,,
"Arms + Delts","Jun 8, 2026, 8:19 AM","Jun 8, 2026, 8:55 AM","","Seated Shoulder Press (Machine)",,"",1,"normal",25,7,,,
"Arms + Delts","Jun 8, 2026, 8:19 AM","Jun 8, 2026, 8:55 AM","","Seated Shoulder Press (Machine)",,"",2,"normal",25,8,,,
"Arms + Delts","Jun 8, 2026, 8:19 AM","Jun 8, 2026, 8:55 AM","","Seated Lateral Raise (Dumbbell)",,"",0,"normal",10,9,,,
"Arms + Delts","Jun 8, 2026, 8:19 AM","Jun 8, 2026, 8:55 AM","","Seated Lateral Raise (Dumbbell)",,"",1,"normal",10,6,,,
"Arms + Delts","Jun 8, 2026, 8:19 AM","Jun 8, 2026, 8:55 AM","","Seated Lateral Raise (Dumbbell)",,"",2,"normal",10,7,,,
"Arms + Delts","Jun 8, 2026, 8:19 AM","Jun 8, 2026, 8:55 AM","","Preacher Curl (Dumbbell)",,"",0,"normal",12,8,,,
"Arms + Delts","Jun 8, 2026, 8:19 AM","Jun 8, 2026, 8:55 AM","","Preacher Curl (Dumbbell)",,"",1,"normal",12,6,,,
"Arms + Delts","Jun 8, 2026, 8:19 AM","Jun 8, 2026, 8:55 AM","","Triceps Rope Pushdown",,"",0,"normal",25,12,,,
"Arms + Delts","Jun 8, 2026, 8:19 AM","Jun 8, 2026, 8:55 AM","","Triceps Rope Pushdown",,"",1,"normal",25,9,,,
"Legs","Jun 5, 2026, 3:38 PM","Jun 5, 2026, 4:57 PM","","Squat (Barbell)",,"",0,"normal",50,8,,,
"Legs","Jun 5, 2026, 3:38 PM","Jun 5, 2026, 4:57 PM","","Squat (Barbell)",,"",1,"normal",50,7,,,
"Legs","Jun 5, 2026, 3:38 PM","Jun 5, 2026, 4:57 PM","","Squat (Barbell)",,"",2,"normal",50,7,,,
"Legs","Jun 5, 2026, 3:38 PM","Jun 5, 2026, 4:57 PM","","Leg Extension (Machine)",,"",0,"normal",30,11,,,
"Legs","Jun 5, 2026, 3:38 PM","Jun 5, 2026, 4:57 PM","","Leg Extension (Machine)",,"",1,"normal",30,9,,,
"Legs","Jun 5, 2026, 3:38 PM","Jun 5, 2026, 4:57 PM","","Leg Extension (Machine)",,"",2,"normal",30,7,,,
"Legs","Jun 5, 2026, 3:38 PM","Jun 5, 2026, 4:57 PM","","Seated Leg Curl (Machine)",,"",0,"normal",40,11,,,
"Legs","Jun 5, 2026, 3:38 PM","Jun 5, 2026, 4:57 PM","","Seated Leg Curl (Machine)",,"",1,"normal",40,7,,,
"Legs","Jun 5, 2026, 3:38 PM","Jun 5, 2026, 4:57 PM","","Seated Leg Curl (Machine)",,"",2,"normal",40,6,,,
"Legs","Jun 5, 2026, 3:38 PM","Jun 5, 2026, 4:57 PM","","Romanian Deadlift (Dumbbell)",,"",0,"normal",20,12,,,
"Legs","Jun 5, 2026, 3:38 PM","Jun 5, 2026, 4:57 PM","","Romanian Deadlift (Dumbbell)",,"",1,"normal",20,13,,,
"Legs","Jun 5, 2026, 3:38 PM","Jun 5, 2026, 4:57 PM","","Romanian Deadlift (Dumbbell)",,"",2,"normal",20,8,,,
"Legs","Jun 5, 2026, 3:38 PM","Jun 5, 2026, 4:57 PM","","Seated Calf Raise",,"",0,"normal",12.5,13,,,
"Legs","Jun 5, 2026, 3:38 PM","Jun 5, 2026, 4:57 PM","","Seated Calf Raise",,"",1,"normal",12.5,11,,,
"Legs","Jun 5, 2026, 3:38 PM","Jun 5, 2026, 4:57 PM","","Seated Calf Raise",,"",2,"normal",12.5,9,,,
"Shoulder + Arms A","Jun 1, 2026, 1:38 AM","Jun 1, 2026, 3:04 AM","","Shoulder Press (Machine Plates)",,"",0,"normal",30,11,,,
"Shoulder + Arms A","Jun 1, 2026, 1:38 AM","Jun 1, 2026, 3:04 AM","","Shoulder Press (Machine Plates)",,"",1,"normal",30,7,,,
"Shoulder + Arms A","Jun 1, 2026, 1:38 AM","Jun 1, 2026, 3:04 AM","","Shoulder Press (Machine Plates)",,"",2,"normal",30,6,,,
"Shoulder + Arms A","Jun 1, 2026, 1:38 AM","Jun 1, 2026, 3:04 AM","","Seated Lateral Raise (Dumbbell)",,"",0,"normal",10,8,,,
"Shoulder + Arms A","Jun 1, 2026, 1:38 AM","Jun 1, 2026, 3:04 AM","","Seated Lateral Raise (Dumbbell)",,"",1,"normal",10,7,,,
"Shoulder + Arms A","Jun 1, 2026, 1:38 AM","Jun 1, 2026, 3:04 AM","","Seated Lateral Raise (Dumbbell)",,"",2,"normal",10,7,,,
"Shoulder + Arms A","Jun 1, 2026, 1:38 AM","Jun 1, 2026, 3:04 AM","","Face Pull",,"",0,"normal",17.5,10,,,
"Shoulder + Arms A","Jun 1, 2026, 1:38 AM","Jun 1, 2026, 3:04 AM","","Face Pull",,"",1,"normal",17.5,8,,,
"Shoulder + Arms A","Jun 1, 2026, 1:38 AM","Jun 1, 2026, 3:04 AM","","Face Pull",,"",2,"normal",17.5,9,,,
"Shoulder + Arms A","Jun 1, 2026, 1:38 AM","Jun 1, 2026, 3:04 AM","","Bicep Curl (Barbell)",,"",0,"normal",20,8,,,
"Shoulder + Arms A","Jun 1, 2026, 1:38 AM","Jun 1, 2026, 3:04 AM","","Bicep Curl (Barbell)",,"",1,"normal",20,7,,,
"Shoulder + Arms A","Jun 1, 2026, 1:38 AM","Jun 1, 2026, 3:04 AM","","Bicep Curl (Barbell)",,"",2,"normal",20,8,,,
"Shoulder + Arms A","Jun 1, 2026, 1:38 AM","Jun 1, 2026, 3:04 AM","","Hammer Curl (Dumbbell)",,"",0,"normal",14,7,,,
"Shoulder + Arms A","Jun 1, 2026, 1:38 AM","Jun 1, 2026, 3:04 AM","","Hammer Curl (Dumbbell)",,"",1,"normal",14,5,,,
"Shoulder + Arms A","Jun 1, 2026, 1:38 AM","Jun 1, 2026, 3:04 AM","","Hammer Curl (Dumbbell)",,"",2,"normal",14,7,,,
"Shoulder + Arms A","Jun 1, 2026, 1:38 AM","Jun 1, 2026, 3:04 AM","","Triceps Pushdown",,"",0,"normal",32.5,6,,,
"Shoulder + Arms A","Jun 1, 2026, 1:38 AM","Jun 1, 2026, 3:04 AM","","Triceps Pushdown",,"",1,"normal",30,6,,,
"Shoulder + Arms A","Jun 1, 2026, 1:38 AM","Jun 1, 2026, 3:04 AM","","Triceps Pushdown",,"",2,"normal",27.5,8,,,
"Shoulder + Arms A","Jun 1, 2026, 1:38 AM","Jun 1, 2026, 3:04 AM","","Overhead Triceps Extension (Cable)",,"",0,"normal",20,6,,,
"Shoulder + Arms A","Jun 1, 2026, 1:38 AM","Jun 1, 2026, 3:04 AM","","Overhead Triceps Extension (Cable)",,"",1,"normal",17.5,6,,,
"Shoulder + Arms A","Jun 1, 2026, 1:38 AM","Jun 1, 2026, 3:04 AM","","Overhead Triceps Extension (Cable)",,"",2,"normal",17.5,11,,,
"Shoulder + Arms A","Jun 1, 2026, 1:38 AM","Jun 1, 2026, 3:04 AM","","Reverse Curl (Barbell)",,"",0,"normal",15,14,,,
"Shoulder + Arms A","Jun 1, 2026, 1:38 AM","Jun 1, 2026, 3:04 AM","","Reverse Curl (Barbell)",,"",1,"normal",15,10,,,
"Shoulder + Arms A","Jun 1, 2026, 1:38 AM","Jun 1, 2026, 3:04 AM","","Reverse Curl (Barbell)",,"",2,"normal",15,8,,,
"Chest + Back A","May 31, 2026, 12:38 AM","May 31, 2026, 2:20 AM","","Bench Press (Barbell)",,"",0,"normal",60,9,,,
"Chest + Back A","May 31, 2026, 12:38 AM","May 31, 2026, 2:20 AM","","Bench Press (Barbell)",,"",1,"normal",60,7,,,
"Chest + Back A","May 31, 2026, 12:38 AM","May 31, 2026, 2:20 AM","","Bench Press (Barbell)",,"",2,"normal",60,6,,,
"Chest + Back A","May 31, 2026, 12:38 AM","May 31, 2026, 2:20 AM","","Incline Chest Press (Machine)",,"",0,"normal",40,7,,,
"Chest + Back A","May 31, 2026, 12:38 AM","May 31, 2026, 2:20 AM","","Incline Chest Press (Machine)",,"",1,"normal",40,6,,,
"Chest + Back A","May 31, 2026, 12:38 AM","May 31, 2026, 2:20 AM","","Incline Chest Press (Machine)",,"",2,"normal",40,6,,,
"Chest + Back A","May 31, 2026, 12:38 AM","May 31, 2026, 2:20 AM","","Butterfly (Pec Deck)",,"",0,"normal",20,10,,,
"Chest + Back A","May 31, 2026, 12:38 AM","May 31, 2026, 2:20 AM","","Butterfly (Pec Deck)",,"",1,"normal",20,5,,,
"Chest + Back A","May 31, 2026, 12:38 AM","May 31, 2026, 2:20 AM","","Butterfly (Pec Deck)",,"",2,"normal",15,7,,,
"Chest + Back A","May 31, 2026, 12:38 AM","May 31, 2026, 2:20 AM","","Lat Pulldown (Cable)",,"",0,"normal",60,9,,,
"Chest + Back A","May 31, 2026, 12:38 AM","May 31, 2026, 2:20 AM","","Lat Pulldown (Cable)",,"",1,"normal",60,6,,,
"Chest + Back A","May 31, 2026, 12:38 AM","May 31, 2026, 2:20 AM","","Lat Pulldown (Cable)",,"",2,"normal",35,13,,,
"Chest + Back A","May 31, 2026, 12:38 AM","May 31, 2026, 2:20 AM","","T Bar Row",,"",0,"normal",40,6,,,
"Chest + Back A","May 31, 2026, 12:38 AM","May 31, 2026, 2:20 AM","","T Bar Row",,"",1,"normal",40,6,,,
"Chest + Back A","May 31, 2026, 12:38 AM","May 31, 2026, 2:20 AM","","T Bar Row",,"",2,"normal",40,5,,,
"Chest + Back A","May 31, 2026, 12:38 AM","May 31, 2026, 2:20 AM","","Seated Cable Row - V Grip (Cable)",,"",0,"normal",55,5,,,
"Chest + Back A","May 31, 2026, 12:38 AM","May 31, 2026, 2:20 AM","","Seated Cable Row - V Grip (Cable)",,"",1,"normal",50,6,,,
"Chest + Back A","May 31, 2026, 12:38 AM","May 31, 2026, 2:20 AM","","Seated Cable Row - V Grip (Cable)",,"",2,"normal",45,8,,,
"Chest + Back A","May 31, 2026, 12:38 AM","May 31, 2026, 2:20 AM","","Rear Delt Reverse Fly (Machine)",,"",0,"normal",10,10,,,
"Chest + Back A","May 31, 2026, 12:38 AM","May 31, 2026, 2:20 AM","","Rear Delt Reverse Fly (Machine)",,"",1,"normal",10,8,,,
"Chest + Back A","May 31, 2026, 12:38 AM","May 31, 2026, 2:20 AM","","Rear Delt Reverse Fly (Machine)",,"",2,"normal",10,7,,,
"Legs","May 25, 2026, 3:29 PM","May 25, 2026, 4:44 PM","","Squat (Barbell)",,"",0,"normal",50,7,,,
"Legs","May 25, 2026, 3:29 PM","May 25, 2026, 4:44 PM","","Squat (Barbell)",,"",1,"normal",50,6,,,
"Legs","May 25, 2026, 3:29 PM","May 25, 2026, 4:44 PM","","Squat (Barbell)",,"",2,"normal",50,5,,,
"Legs","May 25, 2026, 3:29 PM","May 25, 2026, 4:44 PM","","Seated Leg Curl (Machine)",,"",0,"normal",40,9,,,
"Legs","May 25, 2026, 3:29 PM","May 25, 2026, 4:44 PM","","Seated Leg Curl (Machine)",,"",1,"normal",40,8,,,
"Legs","May 25, 2026, 3:29 PM","May 25, 2026, 4:44 PM","","Seated Leg Curl (Machine)",,"",2,"normal",40,7,,,
"Legs","May 25, 2026, 3:29 PM","May 25, 2026, 4:44 PM","","Leg Extension (Machine)",,"",0,"normal",30,9,,,
"Legs","May 25, 2026, 3:29 PM","May 25, 2026, 4:44 PM","","Leg Extension (Machine)",,"",1,"normal",30,8,,,
"Legs","May 25, 2026, 3:29 PM","May 25, 2026, 4:44 PM","","Leg Extension (Machine)",,"",2,"normal",30,7,,,
"Legs","May 25, 2026, 3:29 PM","May 25, 2026, 4:44 PM","","Seated Calf Raise",,"",0,"normal",12.5,9,,,
"Legs","May 25, 2026, 3:29 PM","May 25, 2026, 4:44 PM","","Seated Calf Raise",,"",1,"normal",12.5,10,,,
"Legs","May 25, 2026, 3:29 PM","May 25, 2026, 4:44 PM","","Seated Calf Raise",,"",2,"normal",12.5,8,,,
"Legs","May 25, 2026, 3:29 PM","May 25, 2026, 4:44 PM","","Back Extension (Weighted Hyperextension)",,"",0,"normal",10,10,,,
"Legs","May 25, 2026, 3:29 PM","May 25, 2026, 4:44 PM","","Back Extension (Weighted Hyperextension)",,"",1,"normal",10,9,,,
"Legs","May 25, 2026, 3:29 PM","May 25, 2026, 4:44 PM","","Back Extension (Weighted Hyperextension)",,"",2,"normal",10,9,,,
"Legs","May 25, 2026, 3:29 PM","May 25, 2026, 4:44 PM","","Seated Palms Up Wrist Curl",,"",0,"normal",8,12,,,
"Legs","May 25, 2026, 3:29 PM","May 25, 2026, 4:44 PM","","Seated Palms Up Wrist Curl",,"",1,"normal",8,9,,,
"Legs","May 25, 2026, 3:29 PM","May 25, 2026, 4:44 PM","","Seated Palms Up Wrist Curl",,"",2,"normal",8,9,,,
"pull","May 24, 2026, 1:45 PM","May 24, 2026, 2:54 PM","","T Bar Row",,"",0,"normal",40,8,,,
"pull","May 24, 2026, 1:45 PM","May 24, 2026, 2:54 PM","","T Bar Row",,"",1,"normal",40,6,,,
"pull","May 24, 2026, 1:45 PM","May 24, 2026, 2:54 PM","","T Bar Row",,"",2,"normal",40,4,,,
"pull","May 24, 2026, 1:45 PM","May 24, 2026, 2:54 PM","","Lat Pulldown (Cable)",,"",0,"normal",55,11,,,
"pull","May 24, 2026, 1:45 PM","May 24, 2026, 2:54 PM","","Lat Pulldown (Cable)",,"",1,"normal",55,7,,,
"pull","May 24, 2026, 1:45 PM","May 24, 2026, 2:54 PM","","Lat Pulldown (Cable)",,"",2,"normal",40,11,,,
"pull","May 24, 2026, 1:45 PM","May 24, 2026, 2:54 PM","","Low machine shrug",,"",0,"normal",30,10,,,
"pull","May 24, 2026, 1:45 PM","May 24, 2026, 2:54 PM","","Low machine shrug",,"",1,"normal",30,8,,,
"pull","May 24, 2026, 1:45 PM","May 24, 2026, 2:54 PM","","Low machine shrug",,"",2,"normal",30,6,,,
"pull","May 24, 2026, 1:45 PM","May 24, 2026, 2:54 PM","","Face Pull",,"",0,"normal",15,12,,,
"pull","May 24, 2026, 1:45 PM","May 24, 2026, 2:54 PM","","Face Pull",,"",1,"normal",15,10,,,
"pull","May 24, 2026, 1:45 PM","May 24, 2026, 2:54 PM","","Face Pull",,"",2,"normal",10,12,,,
"pull","May 24, 2026, 1:45 PM","May 24, 2026, 2:54 PM","","Reverse Curl (Barbell)",,"",0,"normal",15,12,,,
"pull","May 24, 2026, 1:45 PM","May 24, 2026, 2:54 PM","","Reverse Curl (Barbell)",,"",1,"normal",15,8,,,
"pull","May 24, 2026, 1:45 PM","May 24, 2026, 2:54 PM","","Reverse Curl (Barbell)",,"",2,"normal",15,6,,,
"pull","May 14, 2026, 2:43 PM","May 14, 2026, 4:02 PM","","T Bar Row",,"",0,"normal",40,7,,,
"pull","May 14, 2026, 2:43 PM","May 14, 2026, 4:02 PM","","T Bar Row",,"",1,"normal",40,6,,,
"pull","May 14, 2026, 2:43 PM","May 14, 2026, 4:02 PM","","T Bar Row",,"",2,"normal",40,5,,,
"pull","May 14, 2026, 2:43 PM","May 14, 2026, 4:02 PM","","Lat Pulldown (Cable)",,"",0,"normal",55,9,,,
"pull","May 14, 2026, 2:43 PM","May 14, 2026, 4:02 PM","","Lat Pulldown (Cable)",,"",1,"normal",55,7,,,
"pull","May 14, 2026, 2:43 PM","May 14, 2026, 4:02 PM","","Lat Pulldown (Cable)",,"",2,"normal",35,14,,,
"pull","May 14, 2026, 2:43 PM","May 14, 2026, 4:02 PM","","Low machine shrug",,"",0,"normal",40,6,,,
"pull","May 14, 2026, 2:43 PM","May 14, 2026, 4:02 PM","","Low machine shrug",,"",1,"normal",30,10,,,
"pull","May 14, 2026, 2:43 PM","May 14, 2026, 4:02 PM","","Low machine shrug",,"",2,"normal",30,6,,,
"pull","May 14, 2026, 2:43 PM","May 14, 2026, 4:02 PM","","Face Pull",,"",0,"normal",15,12,,,
"pull","May 14, 2026, 2:43 PM","May 14, 2026, 4:02 PM","","Face Pull",,"",1,"normal",15,10,,,
"pull","May 14, 2026, 2:43 PM","May 14, 2026, 4:02 PM","","Face Pull",,"",2,"normal",10,14,,,
"pull","May 14, 2026, 2:43 PM","May 14, 2026, 4:02 PM","","Reverse Curl (Barbell)",,"",0,"normal",15,12,,,
"pull","May 14, 2026, 2:43 PM","May 14, 2026, 4:02 PM","","Reverse Curl (Barbell)",,"",1,"normal",15,7,,,
"pull","May 14, 2026, 2:43 PM","May 14, 2026, 4:02 PM","","Reverse Curl (Barbell)",,"",2,"normal",15,6,,,
"pull","May 14, 2026, 2:43 PM","May 14, 2026, 4:02 PM","","Dead Hang",,"",0,"normal",,,,75,
"pull","May 14, 2026, 2:43 PM","May 14, 2026, 4:02 PM","","Dead Hang",,"",1,"normal",,,,49,
"pull","May 14, 2026, 2:43 PM","May 14, 2026, 4:02 PM","","Dead Hang",,"",2,"normal",,,,38,
"Push","May 12, 2026, 10:47 PM","May 12, 2026, 11:37 PM","","Bench Press (Barbell)",,"",0,"normal",60,8,,,
"Push","May 12, 2026, 10:47 PM","May 12, 2026, 11:37 PM","","Bench Press (Barbell)",,"",1,"normal",60,7,,,
"Push","May 12, 2026, 10:47 PM","May 12, 2026, 11:37 PM","","Bench Press (Barbell)",,"",2,"normal",60,6,,,
"Push","May 12, 2026, 10:47 PM","May 12, 2026, 11:37 PM","","Incline Bench Press (Dumbbell)",,"",0,"normal",18,7,,,
"Push","May 12, 2026, 10:47 PM","May 12, 2026, 11:37 PM","","Incline Bench Press (Dumbbell)",,"",1,"normal",18,6,,,
"Push","May 12, 2026, 10:47 PM","May 12, 2026, 11:37 PM","","Incline Bench Press (Dumbbell)",,"",2,"normal",18,5,,,
"Push","May 12, 2026, 10:47 PM","May 12, 2026, 11:37 PM","","Shoulder Press (Dumbbell)",,"",0,"normal",12,9,,,
"Push","May 12, 2026, 10:47 PM","May 12, 2026, 11:37 PM","","Shoulder Press (Dumbbell)",,"",1,"normal",12,7,,,
"Push","May 12, 2026, 10:47 PM","May 12, 2026, 11:37 PM","","Shoulder Press (Dumbbell)",,"",2,"normal",12,6,,,
"Push","May 12, 2026, 10:47 PM","May 12, 2026, 11:37 PM","","Lateral Raise (Dumbbell)",,"",0,"normal",8,11,,,
"Push","May 12, 2026, 10:47 PM","May 12, 2026, 11:37 PM","","Lateral Raise (Dumbbell)",,"",1,"normal",8,9,,,
"Push","May 12, 2026, 10:47 PM","May 12, 2026, 11:37 PM","","Lateral Raise (Dumbbell)",,"",2,"normal",8,8,,,
"Arms","May 9, 2026, 1:37 PM","May 9, 2026, 3:23 PM","","Bicep Curl (Dumbbell)",,"",0,"normal",14,9,,,
"Arms","May 9, 2026, 1:37 PM","May 9, 2026, 3:23 PM","","Bicep Curl (Dumbbell)",,"",1,"normal",14,6,,,
"Arms","May 9, 2026, 1:37 PM","May 9, 2026, 3:23 PM","","Bicep Curl (Dumbbell)",,"",2,"normal",14,5,,,
"Arms","May 9, 2026, 1:37 PM","May 9, 2026, 3:23 PM","","Triceps Pushdown",,"",0,"normal",32.5,7,,,
"Arms","May 9, 2026, 1:37 PM","May 9, 2026, 3:23 PM","","Triceps Pushdown",,"",1,"normal",32.5,6,,,
"Arms","May 9, 2026, 1:37 PM","May 9, 2026, 3:23 PM","","Triceps Pushdown",,"",2,"normal",32.5,4,,,
"Arms","May 9, 2026, 1:37 PM","May 9, 2026, 3:23 PM","","Triceps Rope Pushdown",,"",0,"normal",12.5,12,,,
"Arms","May 9, 2026, 1:37 PM","May 9, 2026, 3:23 PM","","Triceps Rope Pushdown",,"",1,"normal",12.5,10,,,
"Arms","May 9, 2026, 1:37 PM","May 9, 2026, 3:23 PM","","Triceps Rope Pushdown",,"",2,"normal",12.5,10,,,
"Arms","May 9, 2026, 1:37 PM","May 9, 2026, 3:23 PM","","Seated Incline Curl (Dumbbell)",,"",0,"normal",8,10,,,
"Arms","May 9, 2026, 1:37 PM","May 9, 2026, 3:23 PM","","Seated Incline Curl (Dumbbell)",,"",1,"normal",8,8,,,
"Arms","May 9, 2026, 1:37 PM","May 9, 2026, 3:23 PM","","Seated Incline Curl (Dumbbell)",,"",2,"normal",8,6,,,
"Arms","May 9, 2026, 1:37 PM","May 9, 2026, 3:23 PM","","Hammer Curl (Dumbbell)",,"",0,"normal",16,5,,,
"Arms","May 9, 2026, 1:37 PM","May 9, 2026, 3:23 PM","","Hammer Curl (Dumbbell)",,"",1,"normal",14,7,,,
"Arms","May 9, 2026, 1:37 PM","May 9, 2026, 3:23 PM","","Hammer Curl (Dumbbell)",,"",2,"normal",14,5,,,
"Arms","May 9, 2026, 1:37 PM","May 9, 2026, 3:23 PM","","Reverse Curl (Barbell)",,"",0,"normal",15,9,,,
"Arms","May 9, 2026, 1:37 PM","May 9, 2026, 3:23 PM","","Reverse Curl (Barbell)",,"",1,"normal",15,7,,,
"Arms","May 9, 2026, 1:37 PM","May 9, 2026, 3:23 PM","","Reverse Curl (Barbell)",,"",2,"normal",15,6,,,
"Arms","May 9, 2026, 1:37 PM","May 9, 2026, 3:23 PM","","Single Arm Tricep Extension (Dumbbell)",,"",0,"normal",10,4,,,
"Arms","May 9, 2026, 1:37 PM","May 9, 2026, 3:23 PM","","Single Arm Tricep Extension (Dumbbell)",,"",1,"normal",8,8,,,
"Arms","May 9, 2026, 1:37 PM","May 9, 2026, 3:23 PM","","Single Arm Tricep Extension (Dumbbell)",,"",2,"normal",8,5,,,
"Arms","May 9, 2026, 1:37 PM","May 9, 2026, 3:23 PM","","Bicep Curl (Cable)",,"",0,"normal",22.5,8,,,
"Arms","May 9, 2026, 1:37 PM","May 9, 2026, 3:23 PM","","Bicep Curl (Cable)",,"",1,"normal",22.5,5,,,
"Arms","May 9, 2026, 1:37 PM","May 9, 2026, 3:23 PM","","Bicep Curl (Cable)",,"",2,"normal",22.5,5,,,
"Arms","May 9, 2026, 1:37 PM","May 9, 2026, 3:23 PM","","Dead Hang",,"",0,"normal",,,,68,
"Arms","May 9, 2026, 1:37 PM","May 9, 2026, 3:23 PM","","Dead Hang",,"",1,"normal",,,,40,
"Arms","May 9, 2026, 1:37 PM","May 9, 2026, 3:23 PM","","Dead Hang",,"",2,"normal",,,,34,
"Legs","May 8, 2026, 9:48 PM","May 8, 2026, 11:00 PM","","Squat (Barbell)",,"",0,"normal",50,13,,,
"Legs","May 8, 2026, 9:48 PM","May 8, 2026, 11:00 PM","","Squat (Barbell)",,"",1,"normal",50,9,,,
"Legs","May 8, 2026, 9:48 PM","May 8, 2026, 11:00 PM","","Squat (Barbell)",,"",2,"normal",50,10,,,
"Legs","May 8, 2026, 9:48 PM","May 8, 2026, 11:00 PM","","Seated Leg Curl (Machine)",,"",0,"normal",40,8,,,
"Legs","May 8, 2026, 9:48 PM","May 8, 2026, 11:00 PM","","Seated Leg Curl (Machine)",,"",1,"normal",40,8,,,
"Legs","May 8, 2026, 9:48 PM","May 8, 2026, 11:00 PM","","Seated Leg Curl (Machine)",,"",2,"normal",40,6,,,
"Legs","May 8, 2026, 9:48 PM","May 8, 2026, 11:00 PM","","Leg Extension (Machine)",,"",0,"normal",30,9,,,
"Legs","May 8, 2026, 9:48 PM","May 8, 2026, 11:00 PM","","Leg Extension (Machine)",,"",1,"normal",30,8,,,
"Legs","May 8, 2026, 9:48 PM","May 8, 2026, 11:00 PM","","Leg Extension (Machine)",,"",2,"normal",30,8,,,
"Legs","May 8, 2026, 9:48 PM","May 8, 2026, 11:00 PM","","Seated Calf Raise",,"",0,"normal",12.5,10,,,
"Legs","May 8, 2026, 9:48 PM","May 8, 2026, 11:00 PM","","Seated Calf Raise",,"",1,"normal",12.5,9,,,
"Legs","May 8, 2026, 9:48 PM","May 8, 2026, 11:00 PM","","Seated Calf Raise",,"",2,"normal",12.5,8,,,
"Legs","May 8, 2026, 9:48 PM","May 8, 2026, 11:00 PM","","Back Extension (Weighted Hyperextension)",,"",0,"normal",10,10,,,
"Legs","May 8, 2026, 9:48 PM","May 8, 2026, 11:00 PM","","Back Extension (Weighted Hyperextension)",,"",1,"normal",10,8,,,
"Legs","May 8, 2026, 9:48 PM","May 8, 2026, 11:00 PM","","Back Extension (Weighted Hyperextension)",,"",2,"normal",10,9,,,
"Legs","May 8, 2026, 9:48 PM","May 8, 2026, 11:00 PM","","Seated Palms Up Wrist Curl",,"",0,"normal",8,14,,,
"Legs","May 8, 2026, 9:48 PM","May 8, 2026, 11:00 PM","","Seated Palms Up Wrist Curl",,"",1,"normal",8,10,,,
"Legs","May 8, 2026, 9:48 PM","May 8, 2026, 11:00 PM","","Seated Palms Up Wrist Curl",,"",2,"normal",8,8,,,
"pull","May 6, 2026, 5:04 PM","May 6, 2026, 6:01 PM","","T Bar Row",,"",0,"normal",30,10,,,
"pull","May 6, 2026, 5:04 PM","May 6, 2026, 6:01 PM","","T Bar Row",,"",1,"normal",30,10,,,
"pull","May 6, 2026, 5:04 PM","May 6, 2026, 6:01 PM","","T Bar Row",,"",2,"normal",30,7,,,
"pull","May 6, 2026, 5:04 PM","May 6, 2026, 6:01 PM","","Lat Pulldown (Cable)",,"",0,"normal",55,8,,,
"pull","May 6, 2026, 5:04 PM","May 6, 2026, 6:01 PM","","Lat Pulldown (Cable)",,"",1,"normal",55,7,,,
"pull","May 6, 2026, 5:04 PM","May 6, 2026, 6:01 PM","","Lat Pulldown (Cable)",,"",2,"normal",55,6,,,
"pull","May 6, 2026, 5:04 PM","May 6, 2026, 6:01 PM","","Low machine shrug",,"",0,"normal",40,10,,,
"pull","May 6, 2026, 5:04 PM","May 6, 2026, 6:01 PM","","Low machine shrug",,"",1,"normal",40,9,,,
"pull","May 6, 2026, 5:04 PM","May 6, 2026, 6:01 PM","","Low machine shrug",,"",2,"normal",40,7,,,
"pull","May 6, 2026, 5:04 PM","May 6, 2026, 6:01 PM","","Face Pull",,"",0,"normal",15,10,,,
"pull","May 6, 2026, 5:04 PM","May 6, 2026, 6:01 PM","","Face Pull",,"",1,"normal",15,9,,,
"pull","May 6, 2026, 5:04 PM","May 6, 2026, 6:01 PM","","Face Pull",,"",2,"normal",15,8,,,
"pull","May 6, 2026, 5:04 PM","May 6, 2026, 6:01 PM","","Reverse Curl (Barbell)",,"",0,"normal",15,10,,,
"pull","May 6, 2026, 5:04 PM","May 6, 2026, 6:01 PM","","Reverse Curl (Barbell)",,"",1,"normal",15,8,,,
"pull","May 6, 2026, 5:04 PM","May 6, 2026, 6:01 PM","","Reverse Curl (Barbell)",,"",2,"normal",15,6,,,
"pull","May 6, 2026, 5:04 PM","May 6, 2026, 6:01 PM","","Dead Hang",,"",0,"normal",,,,60,
"pull","May 6, 2026, 5:04 PM","May 6, 2026, 6:01 PM","","Dead Hang",,"",1,"normal",,,,35,
"pull","May 6, 2026, 5:04 PM","May 6, 2026, 6:01 PM","","Dead Hang",,"",2,"normal",,,,28,
"Push","May 5, 2026, 3:52 PM","May 5, 2026, 4:23 PM","","Bench Press (Barbell)",,"",0,"normal",50,10,,,
"Push","May 5, 2026, 3:52 PM","May 5, 2026, 4:23 PM","","Bench Press (Barbell)",,"",1,"normal",50,11,,,
"Push","May 5, 2026, 3:52 PM","May 5, 2026, 4:23 PM","","Bench Press (Barbell)",,"",2,"normal",50,7,,,
"Push","May 5, 2026, 3:52 PM","May 5, 2026, 4:23 PM","","Incline Bench Press (Dumbbell)",,"",0,"normal",18,7,,,
"Push","May 5, 2026, 3:52 PM","May 5, 2026, 4:23 PM","","Incline Bench Press (Dumbbell)",,"",1,"normal",18,6,,,
"Push","May 5, 2026, 3:52 PM","May 5, 2026, 4:23 PM","","Incline Bench Press (Dumbbell)",,"",2,"normal",18,5,,,
"Push","May 5, 2026, 3:52 PM","May 5, 2026, 4:23 PM","","Shoulder Press (Dumbbell)",,"",0,"normal",12,8,,,
"Push","May 5, 2026, 3:52 PM","May 5, 2026, 4:23 PM","","Shoulder Press (Dumbbell)",,"",1,"normal",12,7,,,
"Push","May 5, 2026, 3:52 PM","May 5, 2026, 4:23 PM","","Shoulder Press (Dumbbell)",,"",2,"normal",12,5,,,
"Push","May 5, 2026, 3:52 PM","May 5, 2026, 4:23 PM","","Lateral Raise (Dumbbell)",,"",0,"normal",8,9,,,
"Push","May 5, 2026, 3:52 PM","May 5, 2026, 4:23 PM","","Lateral Raise (Dumbbell)",,"",1,"normal",8,8,,,
"Push","May 5, 2026, 3:52 PM","May 5, 2026, 4:23 PM","","Lateral Raise (Dumbbell)",,"",2,"normal",8,7,,,
"Arms","Apr 3, 2026, 4:50 PM","Apr 3, 2026, 6:33 PM","","Bicep Curl (Barbell)",,"",0,"normal",15,15,,,
"Arms","Apr 3, 2026, 4:50 PM","Apr 3, 2026, 6:33 PM","","Bicep Curl (Barbell)",,"",1,"normal",15,9,,,
"Arms","Apr 3, 2026, 4:50 PM","Apr 3, 2026, 6:33 PM","","Bicep Curl (Barbell)",,"",2,"normal",15,6,,,
"Arms","Apr 3, 2026, 4:50 PM","Apr 3, 2026, 6:33 PM","","Skullcrusher (Barbell)",,"",0,"normal",15,9,,,
"Arms","Apr 3, 2026, 4:50 PM","Apr 3, 2026, 6:33 PM","","Skullcrusher (Barbell)",,"",1,"normal",15,7,,,
"Arms","Apr 3, 2026, 4:50 PM","Apr 3, 2026, 6:33 PM","","Skullcrusher (Barbell)",,"",2,"normal",10,10,,,
"Arms","Apr 3, 2026, 4:50 PM","Apr 3, 2026, 6:33 PM","","Seated Incline Curl (Dumbbell)",,"",0,"normal",8,11,,,
"Arms","Apr 3, 2026, 4:50 PM","Apr 3, 2026, 6:33 PM","","Seated Incline Curl (Dumbbell)",,"",1,"normal",8,6,,,
"Arms","Apr 3, 2026, 4:50 PM","Apr 3, 2026, 6:33 PM","","Seated Incline Curl (Dumbbell)",,"",2,"normal",8,5,,,
"Arms","Apr 3, 2026, 4:50 PM","Apr 3, 2026, 6:33 PM","","Overhead Triceps Extension (Cable)",,"",0,"normal",5,14,,,
"Arms","Apr 3, 2026, 4:50 PM","Apr 3, 2026, 6:33 PM","","Overhead Triceps Extension (Cable)",,"",1,"normal",5,10,,,
"Arms","Apr 3, 2026, 4:50 PM","Apr 3, 2026, 6:33 PM","","Reverse Curl (Barbell)",,"",0,"normal",10,12,,,
"Arms","Apr 3, 2026, 4:50 PM","Apr 3, 2026, 6:33 PM","","Reverse Curl (Barbell)",,"",1,"normal",10,10,,,
"Arms","Apr 3, 2026, 4:50 PM","Apr 3, 2026, 6:33 PM","","Reverse Curl (Barbell)",,"",2,"normal",10,8,,,
"Arms","Apr 3, 2026, 4:50 PM","Apr 3, 2026, 6:33 PM","","Seated Palms Up Wrist Curl",,"",0,"normal",4,25,,,
"Arms","Apr 3, 2026, 4:50 PM","Apr 3, 2026, 6:33 PM","","Seated Palms Up Wrist Curl",,"",1,"normal",5,18,,,
"Arms","Apr 3, 2026, 4:50 PM","Apr 3, 2026, 6:33 PM","","Seated Palms Up Wrist Curl",,"",2,"normal",5,12,,,
"Pull + Forearm","Jan 13, 2026, 1:21 AM","Jan 13, 2026, 2:47 AM","","Pull Up",,"",0,"normal",,9,,,
"Pull + Forearm","Jan 13, 2026, 1:21 AM","Jan 13, 2026, 2:47 AM","","Pull Up",,"",1,"normal",,5,,,
"Pull + Forearm","Jan 13, 2026, 1:21 AM","Jan 13, 2026, 2:47 AM","","Pull Up",,"",2,"normal",,3,,,
"Pull + Forearm","Jan 13, 2026, 1:21 AM","Jan 13, 2026, 2:47 AM","","Pull Up",,"",3,"normal",,8,,,
"Pull + Forearm","Jan 13, 2026, 1:21 AM","Jan 13, 2026, 2:47 AM","","Seated Row (Machine)",,"wide",0,"normal",30,7,,,
"Pull + Forearm","Jan 13, 2026, 1:21 AM","Jan 13, 2026, 2:47 AM","","Seated Row (Machine)",,"wide",1,"normal",30,5,,,
"Pull + Forearm","Jan 13, 2026, 1:21 AM","Jan 13, 2026, 2:47 AM","","Lat Pulldown (Cable)",,"",0,"normal",60,5,,,
"Pull + Forearm","Jan 13, 2026, 1:21 AM","Jan 13, 2026, 2:47 AM","","Lat Pulldown (Cable)",,"",1,"normal",50,10,,,
"Pull + Forearm","Jan 13, 2026, 1:21 AM","Jan 13, 2026, 2:47 AM","","Bicep Curl (Barbell)",,"go higher",0,"normal",20,9,,,
"Pull + Forearm","Jan 13, 2026, 1:21 AM","Jan 13, 2026, 2:47 AM","","Bicep Curl (Barbell)",,"go higher",1,"normal",20,9,,,
"Pull + Forearm","Jan 13, 2026, 1:21 AM","Jan 13, 2026, 2:47 AM","","Bicep Curl (Barbell)",,"go higher",2,"normal",20,12,,,
"Pull + Forearm","Jan 13, 2026, 1:21 AM","Jan 13, 2026, 2:47 AM","","Hammer Curl (Dumbbell)",,"too light",0,"normal",16,8,,,
"Pull + Forearm","Jan 13, 2026, 1:21 AM","Jan 13, 2026, 2:47 AM","","Hammer Curl (Dumbbell)",,"too light",1,"normal",16,7,,,
"Pull + Forearm","Jan 13, 2026, 1:21 AM","Jan 13, 2026, 2:47 AM","","Hammer Curl (Dumbbell)",,"too light",2,"normal",16,12,,,
"Pull + Forearm","Jan 13, 2026, 1:21 AM","Jan 13, 2026, 2:47 AM","","Seated wrist curl barbell palm up",,"",0,"normal",15,15,,,
"Pull + Forearm","Jan 13, 2026, 1:21 AM","Jan 13, 2026, 2:47 AM","","Seated wrist curl barbell palm up",,"",1,"normal",15,15,,,
"Pull + Forearm","Jan 13, 2026, 1:21 AM","Jan 13, 2026, 2:47 AM","","Seated wrist curl barbell palm up",,"",2,"normal",15,12,,,
"Pull + Forearm","Jan 13, 2026, 1:21 AM","Jan 13, 2026, 2:47 AM","","Seated wrist curl barbell palm up",,"",3,"normal",15,9,,,
"Pull + Forearm","Jan 13, 2026, 1:21 AM","Jan 13, 2026, 2:47 AM","","Seated wrist barbell palm down",,"",0,"normal",3,15,,,
"Pull + Forearm","Jan 13, 2026, 1:21 AM","Jan 13, 2026, 2:47 AM","","Seated wrist barbell palm down",,"",1,"normal",3,16,,,
"Pull + Forearm","Jan 13, 2026, 1:21 AM","Jan 13, 2026, 2:47 AM","","Farmers walk",,"",0,"normal",24,,,35,
"Pull + Forearm","Jan 13, 2026, 1:21 AM","Jan 13, 2026, 2:47 AM","","Farmers walk",,"",1,"normal",24,,,23,
"Pull + Forearm","Jan 13, 2026, 1:21 AM","Jan 13, 2026, 2:47 AM","","Farmers walk",,"",2,"normal",24,,,23,
"Pull + Fingers","Jan 8, 2026, 1:36 AM","Jan 8, 2026, 3:29 AM","","Pull Up",,"",0,"normal",,8,,,
"Pull + Fingers","Jan 8, 2026, 1:36 AM","Jan 8, 2026, 3:29 AM","","Pull Up",,"",1,"normal",,8,,,
"Pull + Fingers","Jan 8, 2026, 1:36 AM","Jan 8, 2026, 3:29 AM","","Pull Up",,"",2,"normal",,5,,,
"Pull + Fingers","Jan 8, 2026, 1:36 AM","Jan 8, 2026, 3:29 AM","","Seated Row (Machine)",,"",0,"normal",30,10,,,
"Pull + Fingers","Jan 8, 2026, 1:36 AM","Jan 8, 2026, 3:29 AM","","Seated Row (Machine)",,"",1,"normal",30,10,,,
"Pull + Fingers","Jan 8, 2026, 1:36 AM","Jan 8, 2026, 3:29 AM","","Seated Row (Machine)",,"",2,"normal",30,10,,,
"Pull + Fingers","Jan 8, 2026, 1:36 AM","Jan 8, 2026, 3:29 AM","","Seated Row (Machine)",,"",3,"normal",30,10,,,
"Pull + Fingers","Jan 8, 2026, 1:36 AM","Jan 8, 2026, 3:29 AM","","Single Arm Lat Pulldown",,"",0,"normal",25,8,,,
"Pull + Fingers","Jan 8, 2026, 1:36 AM","Jan 8, 2026, 3:29 AM","","Single Arm Lat Pulldown",,"",1,"normal",25,8,,,
"Pull + Fingers","Jan 8, 2026, 1:36 AM","Jan 8, 2026, 3:29 AM","","Single Arm Lat Pulldown",,"",2,"normal",25,6,,,
"Push","Dec 12, 2025, 4:04 PM","Dec 12, 2025, 4:40 PM","","Bench Press (Barbell)",,"",0,"normal",80,4,,,
"Push","Dec 12, 2025, 4:04 PM","Dec 12, 2025, 4:40 PM","","Bench Press (Barbell)",,"",1,"normal",80,3,,,
"Push","Dec 12, 2025, 4:04 PM","Dec 12, 2025, 4:40 PM","","Chest Press (Machine)",,"",0,"normal",80,6,,,
"Push","Dec 12, 2025, 4:04 PM","Dec 12, 2025, 4:40 PM","","Chest Press (Machine)",,"",1,"normal",80,4,,,
"Push","Dec 12, 2025, 4:04 PM","Dec 12, 2025, 4:40 PM","","Seated Shoulder Press (Machine)",,"",0,"normal",30,6,,,
"Push","Dec 12, 2025, 4:04 PM","Dec 12, 2025, 4:40 PM","","Seated Shoulder Press (Machine)",,"",1,"normal",25,5,,,
"Push","Dec 12, 2025, 4:04 PM","Dec 12, 2025, 4:40 PM","","Single Arm Lateral Raise (Cable)",,"",0,"normal",7.5,10,,,
"Push","Dec 12, 2025, 4:04 PM","Dec 12, 2025, 4:40 PM","","Single Arm Lateral Raise (Cable)",,"",1,"normal",7.5,8,,,
"Push","Dec 12, 2025, 4:04 PM","Dec 12, 2025, 4:40 PM","","Single Arm Tricep Extension (Dumbbell)",,"",0,"normal",12,9,,,
"Push","Dec 12, 2025, 4:04 PM","Dec 12, 2025, 4:40 PM","","Single Arm Tricep Extension (Dumbbell)",,"",1,"normal",12,5,,,
"Push","Dec 12, 2025, 4:04 PM","Dec 12, 2025, 4:40 PM","","Triceps Pushdown",,"single pulley",0,"normal",30,5,,,
"Push","Dec 12, 2025, 4:04 PM","Dec 12, 2025, 4:40 PM","","Triceps Pushdown",,"single pulley",1,"normal",25,9,,,
"Pull","Dec 10, 2025, 3:57 PM","Dec 10, 2025, 4:45 PM","","Lat Pulldown (Cable)",,"",0,"normal",80,5,,,
"Pull","Dec 10, 2025, 3:57 PM","Dec 10, 2025, 4:45 PM","","Lat Pulldown (Cable)",,"",1,"normal",70,6,,,
"Pull","Dec 10, 2025, 3:57 PM","Dec 10, 2025, 4:45 PM","","T Bar Row",,"",0,"normal",45,10,,,
"Pull","Dec 10, 2025, 3:57 PM","Dec 10, 2025, 4:45 PM","","T Bar Row",,"",1,"normal",45,7,,,
"Pull","Dec 10, 2025, 3:57 PM","Dec 10, 2025, 4:45 PM","","Seated Cable Row - V Grip (Cable)",,"",0,"normal",60,8,,,
"Pull","Dec 10, 2025, 3:57 PM","Dec 10, 2025, 4:45 PM","","Seated Cable Row - V Grip (Cable)",,"",1,"normal",60,5,,,
"Pull","Dec 10, 2025, 3:57 PM","Dec 10, 2025, 4:45 PM","","Bicep Curl (Dumbbell)",,"",0,"normal",16,9,,,
"Pull","Dec 10, 2025, 3:57 PM","Dec 10, 2025, 4:45 PM","","Bicep Curl (Dumbbell)",,"",1,"normal",16,5,,,
"Pull","Dec 10, 2025, 3:57 PM","Dec 10, 2025, 4:45 PM","","Reverse Curl (Barbell)",0,"",0,"normal",20,12,,,
"Pull","Dec 10, 2025, 3:57 PM","Dec 10, 2025, 4:45 PM","","Reverse Curl (Barbell)",0,"",1,"normal",20,12,,,
"Pull","Dec 10, 2025, 3:57 PM","Dec 10, 2025, 4:45 PM","","Bicep Curl (Barbell)",0,"",0,"normal",20,6,,,
"Pull","Dec 10, 2025, 3:57 PM","Dec 10, 2025, 4:45 PM","","Bicep Curl (Barbell)",0,"",1,"normal",20,5,,,
"Pull","Dec 10, 2025, 3:57 PM","Dec 10, 2025, 4:45 PM","","Seated Calf Raise",,"",0,"normal",10,12,,,
"Pull","Dec 10, 2025, 3:57 PM","Dec 10, 2025, 4:45 PM","","Seated Calf Raise",,"",1,"normal",10,10,,,
"Push","Dec 9, 2025, 1:48 AM","Dec 9, 2025, 2:32 AM","","Chest Press (Machine)",,"",0,"normal",80,5,,,
"Push","Dec 9, 2025, 1:48 AM","Dec 9, 2025, 2:32 AM","","Chest Press (Machine)",,"",1,"normal",75,5,,,
"Push","Dec 9, 2025, 1:48 AM","Dec 9, 2025, 2:32 AM","","Butterfly (Pec Deck)",,"",0,"normal",20,10,,,
"Push","Dec 9, 2025, 1:48 AM","Dec 9, 2025, 2:32 AM","","Butterfly (Pec Deck)",,"",1,"normal",20,7,,,
"Push","Dec 9, 2025, 1:48 AM","Dec 9, 2025, 2:32 AM","","Seated Shoulder Press (Machine)",,"",0,"normal",25,9,,,
"Push","Dec 9, 2025, 1:48 AM","Dec 9, 2025, 2:32 AM","","Seated Shoulder Press (Machine)",,"",1,"normal",20,11,,,
"Push","Dec 9, 2025, 1:48 AM","Dec 9, 2025, 2:32 AM","","Single Arm Lateral Raise (Cable)",,"",0,"normal",7.5,11,,,
"Push","Dec 9, 2025, 1:48 AM","Dec 9, 2025, 2:32 AM","","Single Arm Lateral Raise (Cable)",,"",1,"normal",7.5,7,,,
"Push","Dec 9, 2025, 1:48 AM","Dec 9, 2025, 2:32 AM","","Single Arm Tricep Extension (Dumbbell)",,"",0,"normal",10,10,,,
"Push","Dec 9, 2025, 1:48 AM","Dec 9, 2025, 2:32 AM","","Single Arm Tricep Extension (Dumbbell)",,"",1,"normal",10,4,,,
"Push","Dec 9, 2025, 1:48 AM","Dec 9, 2025, 2:32 AM","","Triceps Pushdown",,"",0,"normal",32.5,7,,,
"Push","Dec 9, 2025, 1:48 AM","Dec 9, 2025, 2:32 AM","","Triceps Pushdown",,"",1,"dropset",25,7,,,
"Push","Dec 9, 2025, 1:48 AM","Dec 9, 2025, 2:32 AM","","Triceps Pushdown",,"",2,"dropset",17.5,7,,,
"Push","Dec 9, 2025, 1:48 AM","Dec 9, 2025, 2:32 AM","","Triceps Pushdown",,"",3,"dropset",10,20,,,
"Push","Dec 5, 2025, 1:58 AM","Dec 5, 2025, 3:10 AM","","Bench Press (Barbell)",,"",0,"normal",80,5,,,
"Push","Dec 5, 2025, 1:58 AM","Dec 5, 2025, 3:10 AM","","Bench Press (Barbell)",,"",1,"normal",80,3,,,
"Push","Dec 5, 2025, 1:58 AM","Dec 5, 2025, 3:10 AM","","Chest Press (Machine)",,"",0,"normal",75,6,,,
"Push","Dec 5, 2025, 1:58 AM","Dec 5, 2025, 3:10 AM","","Chest Press (Machine)",,"",1,"normal",70,6,,,
"Push","Dec 5, 2025, 1:58 AM","Dec 5, 2025, 3:10 AM","","Butterfly (Pec Deck)",,"",0,"normal",20,8,,,
"Push","Dec 5, 2025, 1:58 AM","Dec 5, 2025, 3:10 AM","","Butterfly (Pec Deck)",,"",1,"normal",15,13,,,
"Push","Dec 5, 2025, 1:58 AM","Dec 5, 2025, 3:10 AM","","Seated Shoulder Press (Machine)",,"",0,"normal",25,8,,,
"Push","Dec 5, 2025, 1:58 AM","Dec 5, 2025, 3:10 AM","","Seated Shoulder Press (Machine)",,"",1,"normal",25,4,,,
"Push","Dec 5, 2025, 1:58 AM","Dec 5, 2025, 3:10 AM","","Single Arm Lateral Raise (Cable)",,"",0,"normal",7.5,8,,,
"Push","Dec 5, 2025, 1:58 AM","Dec 5, 2025, 3:10 AM","","Single Arm Lateral Raise (Cable)",,"",1,"normal",7.5,6,,,
"Push","Dec 5, 2025, 1:58 AM","Dec 5, 2025, 3:10 AM","","Single Arm Tricep Extension (Dumbbell)",,"",0,"normal",12,4,,,
"Push","Dec 5, 2025, 1:58 AM","Dec 5, 2025, 3:10 AM","","Single Arm Tricep Extension (Dumbbell)",,"",1,"normal",10,10,,,
"Push","Dec 5, 2025, 1:58 AM","Dec 5, 2025, 3:10 AM","","Triceps Pushdown",,"",0,"normal",32.5,9,,,
"Push","Dec 5, 2025, 1:58 AM","Dec 5, 2025, 3:10 AM","","Triceps Pushdown",,"",1,"normal",32.5,8,,,
"Pull","Dec 2, 2025, 12:40 AM","Dec 2, 2025, 1:57 AM","","Lat Pulldown (Cable)",,"",0,"normal",80,7,,,
"Pull","Dec 2, 2025, 12:40 AM","Dec 2, 2025, 1:57 AM","","Lat Pulldown (Cable)",,"",1,"normal",70,6,,,
"Pull","Dec 2, 2025, 12:40 AM","Dec 2, 2025, 1:57 AM","","T Bar Row",,"",0,"normal",45,7,,,
"Pull","Dec 2, 2025, 12:40 AM","Dec 2, 2025, 1:57 AM","","T Bar Row",,"",1,"normal",45,4,,,
"Pull","Dec 2, 2025, 12:40 AM","Dec 2, 2025, 1:57 AM","","Seated Cable Row - V Grip (Cable)",,"",0,"normal",60,8,,,
"Pull","Dec 2, 2025, 12:40 AM","Dec 2, 2025, 1:57 AM","","Seated Cable Row - V Grip (Cable)",,"",1,"normal",60,5,,,
"Pull","Dec 2, 2025, 12:40 AM","Dec 2, 2025, 1:57 AM","","Concentration Curl",,"",0,"normal",14,10,,,
"Pull","Dec 2, 2025, 12:40 AM","Dec 2, 2025, 1:57 AM","","Reverse Curl (Barbell)",0,"",0,"normal",20,9,,,
"Pull","Dec 2, 2025, 12:40 AM","Dec 2, 2025, 1:57 AM","","Reverse Curl (Barbell)",0,"",1,"normal",15,10,,,
"Pull","Dec 2, 2025, 12:40 AM","Dec 2, 2025, 1:57 AM","","Calf Extension (Machine)",,"",0,"normal",60,13,,,
"Pull","Dec 2, 2025, 12:40 AM","Dec 2, 2025, 1:57 AM","","Calf Extension (Machine)",,"",1,"normal",70,10,,,
"Push","Nov 29, 2025, 12:53 AM","Nov 29, 2025, 1:46 AM","","Bench Press (Barbell)",,"",0,"normal",80,4,,,
"Push","Nov 29, 2025, 12:53 AM","Nov 29, 2025, 1:46 AM","","Bench Press (Barbell)",,"",1,"normal",70,6,,,
"Push","Nov 29, 2025, 12:53 AM","Nov 29, 2025, 1:46 AM","","Chest Press (Machine)",,"",0,"normal",70,8,,,
"Push","Nov 29, 2025, 12:53 AM","Nov 29, 2025, 1:46 AM","","Chest Press (Machine)",,"",1,"normal",70,4,,,
"Push","Nov 29, 2025, 12:53 AM","Nov 29, 2025, 1:46 AM","","Butterfly (Pec Deck)",,"",0,"normal",20,7,,,
"Push","Nov 29, 2025, 12:53 AM","Nov 29, 2025, 1:46 AM","","Butterfly (Pec Deck)",,"",1,"normal",15,15,,,
"Push","Nov 29, 2025, 12:53 AM","Nov 29, 2025, 1:46 AM","","Single Arm Tricep Extension (Dumbbell)",,"",0,"normal",10,8,,,
"Push","Nov 29, 2025, 12:53 AM","Nov 29, 2025, 1:46 AM","","Single Arm Tricep Extension (Dumbbell)",,"",1,"normal",10,9,,,
"Push","Nov 29, 2025, 12:53 AM","Nov 29, 2025, 1:46 AM","","Triceps Pushdown",,"",0,"normal",32.5,8,,,
"Push","Nov 29, 2025, 12:53 AM","Nov 29, 2025, 1:46 AM","","Triceps Pushdown",,"",1,"normal",32.5,8,,,
"Pull","Nov 28, 2025, 1:00 AM","Nov 28, 2025, 1:52 AM","","Lat Pulldown (Cable)",,"",0,"normal",80,7,,,
"Pull","Nov 28, 2025, 1:00 AM","Nov 28, 2025, 1:52 AM","","Lat Pulldown (Cable)",,"",1,"normal",80,4,,,
"Pull","Nov 28, 2025, 1:00 AM","Nov 28, 2025, 1:52 AM","","T Bar Row",,"",0,"normal",50,4,,,
"Pull","Nov 28, 2025, 1:00 AM","Nov 28, 2025, 1:52 AM","","T Bar Row",,"",1,"normal",45,7,,,
"Pull","Nov 28, 2025, 1:00 AM","Nov 28, 2025, 1:52 AM","","Seated Cable Row - V Grip (Cable)",,"",0,"normal",60,7,,,
"Pull","Nov 28, 2025, 1:00 AM","Nov 28, 2025, 1:52 AM","","Seated Cable Row - V Grip (Cable)",,"",1,"normal",55,8,,,
"Pull","Nov 28, 2025, 1:00 AM","Nov 28, 2025, 1:52 AM","","Bicep Curl (Dumbbell)",,"",0,"normal",16,10,,,
"Pull","Nov 28, 2025, 1:00 AM","Nov 28, 2025, 1:52 AM","","Bicep Curl (Dumbbell)",,"",1,"normal",16,10,,,
"Pull","Nov 28, 2025, 1:00 AM","Nov 28, 2025, 1:52 AM","","Reverse Curl (Barbell)",0,"",0,"normal",15,13,,,
"Pull","Nov 28, 2025, 1:00 AM","Nov 28, 2025, 1:52 AM","","Reverse Curl (Barbell)",0,"",1,"normal",15,9,,,
"Pull","Nov 28, 2025, 1:00 AM","Nov 28, 2025, 1:52 AM","","Bicep Curl (Barbell)",0,"",0,"normal",15,10,,,
"Pull","Nov 28, 2025, 1:00 AM","Nov 28, 2025, 1:52 AM","","Bicep Curl (Barbell)",0,"",1,"normal",15,8,,,
"Push","Nov 27, 2025, 12:54 AM","Nov 27, 2025, 2:19 AM","","Bench Press (Barbell)",,"",0,"normal",80,3,,,
"Push","Nov 27, 2025, 12:54 AM","Nov 27, 2025, 2:19 AM","","Bench Press (Barbell)",,"",1,"normal",80,3,,,
"Push","Nov 27, 2025, 12:54 AM","Nov 27, 2025, 2:19 AM","","Chest Press (Machine)",,"",0,"normal",70,8,,,
"Push","Nov 27, 2025, 12:54 AM","Nov 27, 2025, 2:19 AM","","Chest Press (Machine)",,"",1,"normal",70,4,,,
"Push","Nov 27, 2025, 12:54 AM","Nov 27, 2025, 2:19 AM","","Butterfly (Pec Deck)",,"",0,"normal",20,10,,,
"Push","Nov 27, 2025, 12:54 AM","Nov 27, 2025, 2:19 AM","","Butterfly (Pec Deck)",,"",1,"normal",20,8,,,
"Push","Nov 27, 2025, 12:54 AM","Nov 27, 2025, 2:19 AM","","Seated Shoulder Press (Machine)",,"",0,"normal",30,4,,,
"Push","Nov 27, 2025, 12:54 AM","Nov 27, 2025, 2:19 AM","","Seated Shoulder Press (Machine)",,"",1,"normal",25,7,,,
"Push","Nov 27, 2025, 12:54 AM","Nov 27, 2025, 2:19 AM","","Single Arm Lateral Raise (Cable)",,"",0,"normal",7.5,9,,,
"Push","Nov 27, 2025, 12:54 AM","Nov 27, 2025, 2:19 AM","","Single Arm Lateral Raise (Cable)",,"",1,"normal",7.5,8,,,
"Push","Nov 27, 2025, 12:54 AM","Nov 27, 2025, 2:19 AM","","Single Arm Tricep Extension (Dumbbell)",,"",0,"normal",10,9,,,
"Push","Nov 27, 2025, 12:54 AM","Nov 27, 2025, 2:19 AM","","Single Arm Tricep Extension (Dumbbell)",,"",1,"normal",10,6,,,
"Push","Nov 27, 2025, 12:54 AM","Nov 27, 2025, 2:19 AM","","Triceps Pushdown",,"",0,"normal",32.5,6,,,
"Push","Nov 27, 2025, 12:54 AM","Nov 27, 2025, 2:19 AM","","Triceps Pushdown",,"",1,"normal",30,6,,,
"Pull","Nov 25, 2025, 4:29 PM","Nov 25, 2025, 5:09 PM","","Lat Pulldown (Cable)",,"",0,"normal",75,9,,,
"Pull","Nov 25, 2025, 4:29 PM","Nov 25, 2025, 5:09 PM","","Lat Pulldown (Cable)",,"",1,"normal",75,5,,,
"Pull","Nov 25, 2025, 4:29 PM","Nov 25, 2025, 5:09 PM","","T Bar Row",,"",0,"normal",45,6,,,
"Pull","Nov 25, 2025, 4:29 PM","Nov 25, 2025, 5:09 PM","","T Bar Row",,"",1,"normal",40,8,,,
"Pull","Nov 25, 2025, 4:29 PM","Nov 25, 2025, 5:09 PM","","Seated Cable Row - V Grip (Cable)",,"",0,"normal",55,10,,,
"Pull","Nov 25, 2025, 4:29 PM","Nov 25, 2025, 5:09 PM","","Seated Cable Row - V Grip (Cable)",,"",1,"normal",55,6,,,
"Pull","Nov 25, 2025, 4:29 PM","Nov 25, 2025, 5:09 PM","","Concentration Curl",,"",0,"normal",14,8,,,
"Pull","Nov 25, 2025, 4:29 PM","Nov 25, 2025, 5:09 PM","","Concentration Curl",,"",1,"normal",14,7,,,
"Pull","Nov 25, 2025, 4:29 PM","Nov 25, 2025, 5:09 PM","","Reverse Curl (Barbell)",0,"",0,"normal",15,10,,,
"Pull","Nov 25, 2025, 4:29 PM","Nov 25, 2025, 5:09 PM","","Reverse Curl (Barbell)",0,"",1,"normal",10,15,,,
"Pull","Nov 25, 2025, 4:29 PM","Nov 25, 2025, 5:09 PM","","Bicep Curl (Barbell)",0,"",0,"normal",15,6,,,
"Pull","Nov 25, 2025, 4:29 PM","Nov 25, 2025, 5:09 PM","","Bicep Curl (Barbell)",0,"",1,"normal",10,12,,,
"Pull","Nov 25, 2025, 4:29 PM","Nov 25, 2025, 5:09 PM","","Calf Extension (Machine)",,"",0,"normal",60,12,,,
"Pull","Nov 25, 2025, 4:29 PM","Nov 25, 2025, 5:09 PM","","Calf Extension (Machine)",,"",1,"normal",60,12,,,
"Push","Nov 22, 2025, 4:06 PM","Nov 22, 2025, 5:21 PM","","Bench Press (Barbell)",,"Bar much heavier",0,"normal",75,3,,,
"Push","Nov 22, 2025, 4:06 PM","Nov 22, 2025, 5:21 PM","","Bench Press (Barbell)",,"Bar much heavier",1,"normal",75,2,,,
"Push","Nov 22, 2025, 4:06 PM","Nov 22, 2025, 5:21 PM","","inclined flight machine",,"",0,"normal",15,10,,,
"Push","Nov 22, 2025, 4:06 PM","Nov 22, 2025, 5:21 PM","","inclined flight machine",,"",1,"normal",15,10,,,
"Push","Nov 22, 2025, 4:06 PM","Nov 22, 2025, 5:21 PM","","Butterfly (Pec Deck)",,"",0,"normal",30,11,,,
"Push","Nov 22, 2025, 4:06 PM","Nov 22, 2025, 5:21 PM","","Butterfly (Pec Deck)",,"",1,"normal",30,8,,,
"Push","Nov 22, 2025, 4:06 PM","Nov 22, 2025, 5:21 PM","","Seated Shoulder Press (Machine)",,"",0,"normal",25,5,,,
"Push","Nov 22, 2025, 4:06 PM","Nov 22, 2025, 5:21 PM","","Seated Shoulder Press (Machine)",,"",1,"normal",20,9,,,
"Push","Nov 22, 2025, 4:06 PM","Nov 22, 2025, 5:21 PM","","lateral raises machine",,"",0,"normal",25,8,,,
"Push","Nov 22, 2025, 4:06 PM","Nov 22, 2025, 5:21 PM","","lateral raises machine",,"",1,"normal",25,9,,,
"Push","Nov 22, 2025, 4:06 PM","Nov 22, 2025, 5:21 PM","","lateral raises machine",,"",2,"normal",15,12,,,
"Push","Nov 22, 2025, 4:06 PM","Nov 22, 2025, 5:21 PM","","Single Arm Tricep Extension (Dumbbell)",,"",0,"normal",10,7,,,
"Push","Nov 22, 2025, 4:06 PM","Nov 22, 2025, 5:21 PM","","Single Arm Tricep Extension (Dumbbell)",,"",1,"normal",10,4,,,
"Pull","Nov 21, 2025, 2:35 PM","Nov 21, 2025, 3:18 PM","What a workout","Lat Pulldown (Cable)",,"",0,"normal",75,8,,,
"Pull","Nov 21, 2025, 2:35 PM","Nov 21, 2025, 3:18 PM","What a workout","Lat Pulldown (Cable)",,"",1,"normal",75,5,,,
"Pull","Nov 21, 2025, 2:35 PM","Nov 21, 2025, 3:18 PM","What a workout","T Bar Row",,"",0,"normal",45,6,,,
"Pull","Nov 21, 2025, 2:35 PM","Nov 21, 2025, 3:18 PM","What a workout","T Bar Row",,"",1,"normal",40,6,,,
"Pull","Nov 21, 2025, 2:35 PM","Nov 21, 2025, 3:18 PM","What a workout","Seated Cable Row - V Grip (Cable)",,"",0,"normal",55,8,,,
"Pull","Nov 21, 2025, 2:35 PM","Nov 21, 2025, 3:18 PM","What a workout","Seated Cable Row - V Grip (Cable)",,"",1,"normal",55,6,,,
"Pull","Nov 21, 2025, 2:35 PM","Nov 21, 2025, 3:18 PM","What a workout","Concentration Curl",,"",0,"normal",14,8,,,
"Pull","Nov 21, 2025, 2:35 PM","Nov 21, 2025, 3:18 PM","What a workout","Concentration Curl",,"",1,"normal",14,5,,,
"Pull","Nov 21, 2025, 2:35 PM","Nov 21, 2025, 3:18 PM","What a workout","Reverse Curl (Barbell)",0,"",0,"normal",15,13,,,
"Pull","Nov 21, 2025, 2:35 PM","Nov 21, 2025, 3:18 PM","What a workout","Reverse Curl (Barbell)",0,"",1,"normal",10,10,,,
"Pull","Nov 21, 2025, 2:35 PM","Nov 21, 2025, 3:18 PM","What a workout","Bicep Curl (Barbell)",0,"",0,"normal",15,7,,,
"Pull","Nov 21, 2025, 2:35 PM","Nov 21, 2025, 3:18 PM","What a workout","Bicep Curl (Barbell)",0,"",1,"normal",10,5,,,
"Pull","Nov 21, 2025, 2:35 PM","Nov 21, 2025, 3:18 PM","What a workout","Calf Extension (Machine)",,"",0,"normal",50,13,,,
"Pull","Nov 21, 2025, 2:35 PM","Nov 21, 2025, 3:18 PM","What a workout","Calf Extension (Machine)",,"",1,"normal",50,11,,,
"Push","Nov 20, 2025, 2:55 PM","Nov 20, 2025, 3:55 PM","","Bench Press (Barbell)",,"",0,"normal",80,3,,,
"Push","Nov 20, 2025, 2:55 PM","Nov 20, 2025, 3:55 PM","","Bench Press (Barbell)",,"",1,"normal",80,2,,,
"Push","Nov 20, 2025, 2:55 PM","Nov 20, 2025, 3:55 PM","","Chest Press (Machine)",,"",0,"normal",70,7,,,
"Push","Nov 20, 2025, 2:55 PM","Nov 20, 2025, 3:55 PM","","Chest Press (Machine)",,"",1,"normal",70,4,,,
"Push","Nov 20, 2025, 2:55 PM","Nov 20, 2025, 3:55 PM","","Butterfly (Pec Deck)",,"",0,"normal",20,7,,,
"Push","Nov 20, 2025, 2:55 PM","Nov 20, 2025, 3:55 PM","","Butterfly (Pec Deck)",,"",1,"normal",15,10,,,
"Push","Nov 20, 2025, 2:55 PM","Nov 20, 2025, 3:55 PM","","Shoulder Press (Machine Plates)",,"",0,"normal",40,6,,,
"Push","Nov 20, 2025, 2:55 PM","Nov 20, 2025, 3:55 PM","","Shoulder Press (Machine Plates)",,"",1,"normal",30,7,,,
"Push","Nov 20, 2025, 2:55 PM","Nov 20, 2025, 3:55 PM","","Single Arm Lateral Raise (Cable)",,"",0,"normal",5,12,,,
"Push","Nov 20, 2025, 2:55 PM","Nov 20, 2025, 3:55 PM","","Single Arm Lateral Raise (Cable)",,"",1,"normal",5,10,,,
"Push","Nov 20, 2025, 2:55 PM","Nov 20, 2025, 3:55 PM","","Triceps Pushdown",,"",0,"normal",30,9,,,
"Push","Nov 20, 2025, 2:55 PM","Nov 20, 2025, 3:55 PM","","Triceps Pushdown",,"",1,"normal",30,4,,,
"Push","Nov 20, 2025, 2:55 PM","Nov 20, 2025, 3:55 PM","","Single Arm Tricep Extension (Dumbbell)",,"",0,"normal",8,10,,,
"Push","Nov 20, 2025, 2:55 PM","Nov 20, 2025, 3:55 PM","","Single Arm Tricep Extension (Dumbbell)",,"",1,"normal",8,5,,,
"Pull","Nov 18, 2025, 5:10 PM","Nov 18, 2025, 5:43 PM","","Lat Pulldown (Cable)",,"",0,"normal",70,10,,,
"Pull","Nov 18, 2025, 5:10 PM","Nov 18, 2025, 5:43 PM","","Lat Pulldown (Cable)",,"",1,"normal",70,6,,,
"Pull","Nov 18, 2025, 5:10 PM","Nov 18, 2025, 5:43 PM","","T Bar Row",,"",0,"normal",40,8,,,
"Pull","Nov 18, 2025, 5:10 PM","Nov 18, 2025, 5:43 PM","","T Bar Row",,"",1,"normal",40,6,,,
"Pull","Nov 18, 2025, 5:10 PM","Nov 18, 2025, 5:43 PM","","Seated Cable Row - V Grip (Cable)",,"",0,"normal",50,9,,,
"Pull","Nov 18, 2025, 5:10 PM","Nov 18, 2025, 5:43 PM","","Seated Cable Row - V Grip (Cable)",,"",1,"normal",50,7,,,
"Pull","Nov 18, 2025, 5:10 PM","Nov 18, 2025, 5:43 PM","","Concentration Curl",,"",0,"normal",14,8,,,
"Pull","Nov 18, 2025, 5:10 PM","Nov 18, 2025, 5:43 PM","","Concentration Curl",,"",1,"normal",12,7,,,
"Pull","Nov 18, 2025, 5:10 PM","Nov 18, 2025, 5:43 PM","","Reverse Curl (Barbell)",0,"",0,"normal",15,4,,,
"Pull","Nov 18, 2025, 5:10 PM","Nov 18, 2025, 5:43 PM","","Reverse Curl (Barbell)",0,"",1,"normal",10,13,,,
"Pull","Nov 18, 2025, 5:10 PM","Nov 18, 2025, 5:43 PM","","Bicep Curl (Barbell)",0,"",0,"normal",15,4,,,
"Pull","Nov 18, 2025, 5:10 PM","Nov 18, 2025, 5:43 PM","","Bicep Curl (Barbell)",0,"",1,"normal",10,5,,,
"Push","Nov 14, 2025, 4:38 PM","Nov 14, 2025, 5:23 PM","","Bench Press (Barbell)",,"",0,"normal",60,8,,,
"Push","Nov 14, 2025, 4:38 PM","Nov 14, 2025, 5:23 PM","","Bench Press (Barbell)",,"",1,"normal",80,2,,,
"Push","Nov 14, 2025, 4:38 PM","Nov 14, 2025, 5:23 PM","","Bench Press (Barbell)",,"",2,"normal",70,4,,,
"Push","Nov 14, 2025, 4:38 PM","Nov 14, 2025, 5:23 PM","","Chest Press (Machine)",,"",0,"normal",65,9,,,
"Push","Nov 14, 2025, 4:38 PM","Nov 14, 2025, 5:23 PM","","Chest Press (Machine)",,"",1,"normal",65,5,,,
"Push","Nov 14, 2025, 4:38 PM","Nov 14, 2025, 5:23 PM","","Lateral Raise (Dumbbell)",,"",0,"normal",10,10,,,
"Push","Nov 14, 2025, 4:38 PM","Nov 14, 2025, 5:23 PM","","Lateral Raise (Dumbbell)",,"",1,"normal",10,8,,,
"Push","Nov 14, 2025, 4:38 PM","Nov 14, 2025, 5:23 PM","","Triceps Pushdown",,"",0,"normal",30,9,,,
"Push","Nov 14, 2025, 4:38 PM","Nov 14, 2025, 5:23 PM","","Triceps Pushdown",,"",1,"normal",30,6,,,
"Push","Nov 14, 2025, 4:38 PM","Nov 14, 2025, 5:23 PM","","Seated Calf Raise",,"",0,"normal",5,15,,,
"Push","Nov 14, 2025, 4:38 PM","Nov 14, 2025, 5:23 PM","","Seated Calf Raise",,"",1,"normal",7.5,13,,,
"Pull","Nov 12, 2025, 4:37 PM","Nov 12, 2025, 5:14 PM","","Lat Pulldown (Cable)",,"",0,"normal",70,9,,,
"Pull","Nov 12, 2025, 4:37 PM","Nov 12, 2025, 5:14 PM","","Lat Pulldown (Cable)",,"",1,"normal",70,6,,,
"Pull","Nov 12, 2025, 4:37 PM","Nov 12, 2025, 5:14 PM","","T Bar Row",,"",0,"normal",40,8,,,
"Pull","Nov 12, 2025, 4:37 PM","Nov 12, 2025, 5:14 PM","","T Bar Row",,"",1,"normal",40,6,,,
"Pull","Nov 12, 2025, 4:37 PM","Nov 12, 2025, 5:14 PM","","Seated Cable Row - V Grip (Cable)",,"",0,"normal",50,8,,,
"Pull","Nov 12, 2025, 4:37 PM","Nov 12, 2025, 5:14 PM","","Seated Cable Row - V Grip (Cable)",,"",1,"normal",50,6,,,
"Pull","Nov 12, 2025, 4:37 PM","Nov 12, 2025, 5:14 PM","","Seated Cable Row - V Grip (Cable)",,"",2,"dropset",30,6,,,
"Pull","Nov 12, 2025, 4:37 PM","Nov 12, 2025, 5:14 PM","","Seated Cable Row - V Grip (Cable)",,"",3,"dropset",20,4,,,
"Pull","Nov 12, 2025, 4:37 PM","Nov 12, 2025, 5:14 PM","","Concentration Curl",,"",0,"normal",14,7,,,
"Pull","Nov 12, 2025, 4:37 PM","Nov 12, 2025, 5:14 PM","","Concentration Curl",,"",1,"normal",12,7,,,
"Pull","Nov 12, 2025, 4:37 PM","Nov 12, 2025, 5:14 PM","","Hammer Curl (Dumbbell)",,"",0,"normal",14,7,,,
"Pull","Nov 12, 2025, 4:37 PM","Nov 12, 2025, 5:14 PM","","Hammer Curl (Dumbbell)",,"",1,"normal",12,9,,,
"Pull","Nov 12, 2025, 4:37 PM","Nov 12, 2025, 5:14 PM","","Seated Calf Raise",,"",0,"normal",10,10,,,
"Pull","Nov 12, 2025, 4:37 PM","Nov 12, 2025, 5:14 PM","","Seated Calf Raise",,"",1,"normal",10,8,,,
"Anterior 1","Nov 4, 2025, 1:35 AM","Nov 4, 2025, 2:30 AM","","Bench Press (Barbell)",,"",0,"normal",80,2,,,
"Anterior 1","Nov 4, 2025, 1:35 AM","Nov 4, 2025, 2:30 AM","","Bench Press (Barbell)",,"",1,"normal",80,1,,,
"Anterior 1","Nov 4, 2025, 1:35 AM","Nov 4, 2025, 2:30 AM","","Chest Press (Machine)",,"",0,"normal",65,9,,,
"Anterior 1","Nov 4, 2025, 1:35 AM","Nov 4, 2025, 2:30 AM","","Chest Press (Machine)",,"",1,"normal",65,6,,,
"Anterior 1","Nov 4, 2025, 1:35 AM","Nov 4, 2025, 2:30 AM","","Leg Press Horizontal (Machine)",,"",0,"normal",80,13,,,
"Anterior 1","Nov 4, 2025, 1:35 AM","Nov 4, 2025, 2:30 AM","","Leg Press Horizontal (Machine)",,"",1,"normal",80,8,,,
"Anterior 1","Nov 4, 2025, 1:35 AM","Nov 4, 2025, 2:30 AM","","Leg Extension (Machine)",,"",0,"normal",40,7,,,
"Anterior 1","Nov 4, 2025, 1:35 AM","Nov 4, 2025, 2:30 AM","","Leg Extension (Machine)",,"",1,"normal",30,11,,,
"Anterior 1","Nov 4, 2025, 1:35 AM","Nov 4, 2025, 2:30 AM","","Shoulder Press (Dumbbell)",,"",0,"normal",14,8,,,
"Anterior 1","Nov 4, 2025, 1:35 AM","Nov 4, 2025, 2:30 AM","","Shoulder Press (Dumbbell)",,"",1,"normal",12,9,,,
"Anterior 1","Nov 4, 2025, 1:35 AM","Nov 4, 2025, 2:30 AM","","Lateral Raise (Dumbbell)",,"",0,"normal",10,10,,,
"Anterior 1","Nov 4, 2025, 1:35 AM","Nov 4, 2025, 2:30 AM","","Lateral Raise (Dumbbell)",,"",1,"normal",10,7,,,
"Posterior 1","Oct 24, 2025, 8:23 PM","Oct 24, 2025, 9:04 PM","","T Bar Row",,"",0,"normal",40,10,,,
"Posterior 1","Oct 24, 2025, 8:23 PM","Oct 24, 2025, 9:04 PM","","T Bar Row",,"",1,"normal",40,8,,,
"Posterior 1","Oct 24, 2025, 8:23 PM","Oct 24, 2025, 9:04 PM","","Lat Pulldown (Cable)",,"",0,"normal",70,6,,,
"Posterior 1","Oct 24, 2025, 8:23 PM","Oct 24, 2025, 9:04 PM","","Lat Pulldown (Cable)",,"",1,"normal",60,8,,,
"Posterior 1","Oct 24, 2025, 8:23 PM","Oct 24, 2025, 9:04 PM","","Seated Cable Row - V Grip (Cable)",,"",0,"normal",45,10,,,
"Posterior 1","Oct 24, 2025, 8:23 PM","Oct 24, 2025, 9:04 PM","","Seated Cable Row - V Grip (Cable)",,"",1,"normal",45,7,,,
"Posterior 1","Oct 24, 2025, 8:23 PM","Oct 24, 2025, 9:04 PM","","Seated Leg Curl (Machine)",,"good sets",0,"normal",35,10,,,
"Posterior 1","Oct 24, 2025, 8:23 PM","Oct 24, 2025, 9:04 PM","","Seated Leg Curl (Machine)",,"good sets",1,"normal",30,10,,,
"Posterior 1","Oct 24, 2025, 8:23 PM","Oct 24, 2025, 9:04 PM","","Rear Delt Reverse Fly (Machine)",,"",0,"normal",20,7,,,
"Posterior 1","Oct 24, 2025, 8:23 PM","Oct 24, 2025, 9:04 PM","","Rear Delt Reverse Fly (Machine)",,"",1,"normal",20,6,,,
"Posterior 1","Oct 24, 2025, 8:23 PM","Oct 24, 2025, 9:04 PM","","Triceps Pushdown",,"",0,"normal",30,10,,,
"Posterior 1","Oct 24, 2025, 8:23 PM","Oct 24, 2025, 9:04 PM","","Triceps Pushdown",,"",1,"normal",30,8,,,
"Anterior 1","Oct 24, 2025, 1:41 AM","Oct 24, 2025, 2:26 AM","","Bench Press (Barbell)",,"",0,"normal",80,2,,,
"Anterior 1","Oct 24, 2025, 1:41 AM","Oct 24, 2025, 2:26 AM","","Bench Press (Barbell)",,"",1,"normal",80,2,,,
"Anterior 1","Oct 24, 2025, 1:41 AM","Oct 24, 2025, 2:26 AM","","Chest Press (Machine)",,"",0,"normal",65,10,,,
"Anterior 1","Oct 24, 2025, 1:41 AM","Oct 24, 2025, 2:26 AM","","Chest Press (Machine)",,"",1,"normal",60,8,,,
"Anterior 1","Oct 24, 2025, 1:41 AM","Oct 24, 2025, 2:26 AM","","Leg Press Horizontal (Machine)",,"good weight low reps",0,"normal",70,10,,,
"Anterior 1","Oct 24, 2025, 1:41 AM","Oct 24, 2025, 2:26 AM","","Leg Press Horizontal (Machine)",,"good weight low reps",1,"normal",80,5,,,
"Anterior 1","Oct 24, 2025, 1:41 AM","Oct 24, 2025, 2:26 AM","","Leg Extension (Machine)",,"low weight",0,"normal",30,8,,,
"Anterior 1","Oct 24, 2025, 1:41 AM","Oct 24, 2025, 2:26 AM","","Leg Extension (Machine)",,"low weight",1,"normal",30,10,,,
"Anterior 1","Oct 24, 2025, 1:41 AM","Oct 24, 2025, 2:26 AM","","Shoulder Press (Dumbbell)",,"",0,"normal",14,10,,,
"Anterior 1","Oct 24, 2025, 1:41 AM","Oct 24, 2025, 2:26 AM","","Shoulder Press (Dumbbell)",,"",1,"normal",14,6,,,
"Anterior 1","Oct 24, 2025, 1:41 AM","Oct 24, 2025, 2:26 AM","","Bicep Curl (Barbell)",,"",0,"normal",25,11,,,
"Anterior 1","Oct 24, 2025, 1:41 AM","Oct 24, 2025, 2:26 AM","","Bicep Curl (Barbell)",,"",1,"normal",25,6,,,
"Pull","Oct 21, 2025, 12:51 AM","Oct 21, 2025, 1:20 AM","","Lat Pulldown (Cable)",,"",0,"normal",70,9,,,
"Pull","Oct 21, 2025, 12:51 AM","Oct 21, 2025, 1:20 AM","","Lat Pulldown (Cable)",,"",1,"normal",70,6,,,
"Pull","Oct 21, 2025, 12:51 AM","Oct 21, 2025, 1:20 AM","","T Bar Row",,"",0,"normal",35,8,,,
"Pull","Oct 21, 2025, 12:51 AM","Oct 21, 2025, 1:20 AM","","T Bar Row",,"",1,"normal",35,8,,,
"Pull","Oct 21, 2025, 12:51 AM","Oct 21, 2025, 1:20 AM","","Seated Cable Row - V Grip (Cable)",,"",0,"normal",50,9,,,
"Pull","Oct 21, 2025, 12:51 AM","Oct 21, 2025, 1:20 AM","","Seated Cable Row - V Grip (Cable)",,"",1,"normal",50,8,,,
"Pull","Oct 21, 2025, 12:51 AM","Oct 21, 2025, 1:20 AM","","Bicep Curl (Barbell)",,"",0,"normal",25,10,,,
"Push","Oct 17, 2025, 2:24 PM","Oct 17, 2025, 2:59 PM","","Bench Press (Barbell)",,"",0,"normal",80,2,,,
"Push","Oct 17, 2025, 2:24 PM","Oct 17, 2025, 2:59 PM","","Bench Press (Barbell)",,"",1,"normal",80,3,,,
"Push","Oct 17, 2025, 2:24 PM","Oct 17, 2025, 2:59 PM","","Chest Press (Machine)",,"",0,"normal",65,10,,,
"Push","Oct 17, 2025, 2:24 PM","Oct 17, 2025, 2:59 PM","","Chest Press (Machine)",,"",1,"normal",65,5,,,
"Push","Oct 17, 2025, 2:24 PM","Oct 17, 2025, 2:59 PM","","Butterfly (Pec Deck)",,"",0,"normal",20,7,,,
"Push","Oct 17, 2025, 2:24 PM","Oct 17, 2025, 2:59 PM","","Butterfly (Pec Deck)",,"",1,"normal",15,10,,,
"Push","Oct 17, 2025, 2:24 PM","Oct 17, 2025, 2:59 PM","","Lateral Raise (Dumbbell)",,"",0,"normal",12,7,,,
"Push","Oct 17, 2025, 2:24 PM","Oct 17, 2025, 2:59 PM","","Lateral Raise (Dumbbell)",,"",1,"normal",10,9,,,
"Push","Oct 17, 2025, 2:24 PM","Oct 17, 2025, 2:59 PM","","Single Arm Lateral Raise (Cable)",,"",0,"normal",7.5,9,,,
"Push","Oct 17, 2025, 2:24 PM","Oct 17, 2025, 2:59 PM","","Single Arm Lateral Raise (Cable)",,"",1,"normal",5,12,,,
"Push","Oct 17, 2025, 2:24 PM","Oct 17, 2025, 2:59 PM","","Single Arm Tricep Extension (Dumbbell)",,"",0,"normal",10,9,,,
"Pull","Oct 16, 2025, 12:35 AM","Oct 16, 2025, 1:27 AM","Great workout","Lat Pulldown (Cable)",,"",0,"normal",70,8,,,
"Pull","Oct 16, 2025, 12:35 AM","Oct 16, 2025, 1:27 AM","Great workout","Lat Pulldown (Cable)",,"",1,"normal",60,9,,,
"Pull","Oct 16, 2025, 12:35 AM","Oct 16, 2025, 1:27 AM","Great workout","Lat Pulldown (Cable)",,"",2,"normal",50,9,,,
"Pull","Oct 16, 2025, 12:35 AM","Oct 16, 2025, 1:27 AM","Great workout","T Bar Row",,"",0,"normal",35,10,,,
"Pull","Oct 16, 2025, 12:35 AM","Oct 16, 2025, 1:27 AM","Great workout","T Bar Row",,"",1,"normal",35,7,,,
"Pull","Oct 16, 2025, 12:35 AM","Oct 16, 2025, 1:27 AM","Great workout","Seated Cable Row - V Grip (Cable)",,"",0,"normal",50,9,,,
"Pull","Oct 16, 2025, 12:35 AM","Oct 16, 2025, 1:27 AM","Great workout","Seated Cable Row - V Grip (Cable)",,"",1,"normal",45,7,,,
"Pull","Oct 16, 2025, 12:35 AM","Oct 16, 2025, 1:27 AM","Great workout","Seated Cable Row - V Grip (Cable)",,"",2,"normal",40,8,,,
"Pull","Oct 16, 2025, 12:35 AM","Oct 16, 2025, 1:27 AM","Great workout","Bicep Curl (Barbell)",,"",0,"normal",20,12,,,
"Pull","Oct 16, 2025, 12:35 AM","Oct 16, 2025, 1:27 AM","Great workout","Bicep Curl (Barbell)",,"",1,"normal",25,6,,,
"Pull","Oct 16, 2025, 12:35 AM","Oct 16, 2025, 1:27 AM","Great workout","Hammer Curl (Dumbbell)",,"",0,"normal",12,12,,,
"Pull","Oct 16, 2025, 12:35 AM","Oct 16, 2025, 1:27 AM","Great workout","Hammer Curl (Dumbbell)",,"",1,"normal",12,9,,,
"Pull","Oct 16, 2025, 12:35 AM","Oct 16, 2025, 1:27 AM","Great workout","Dead Hang",,"",0,"normal",,,,50,
"Pull","Oct 16, 2025, 12:35 AM","Oct 16, 2025, 1:27 AM","Great workout","Dead Hang",,"",1,"normal",,,,35,
"Push","Oct 13, 2025, 10:01 AM","Oct 13, 2025, 10:48 AM","Best workout of my life by far","Bench Press (Barbell)",,"",0,"normal",80,4,,,
"Push","Oct 13, 2025, 10:01 AM","Oct 13, 2025, 10:48 AM","Best workout of my life by far","Bench Press (Barbell)",,"",1,"normal",80,2,,,
"Push","Oct 13, 2025, 10:01 AM","Oct 13, 2025, 10:48 AM","Best workout of my life by far","Chest Press (Machine)",,"",0,"normal",65,7,,,
"Push","Oct 13, 2025, 10:01 AM","Oct 13, 2025, 10:48 AM","Best workout of my life by far","Chest Press (Machine)",,"",1,"normal",65,4,,,
"Push","Oct 13, 2025, 10:01 AM","Oct 13, 2025, 10:48 AM","Best workout of my life by far","Chest Press (Machine)",,"",2,"dropset",50,2,,,
"Push","Oct 13, 2025, 10:01 AM","Oct 13, 2025, 10:48 AM","Best workout of my life by far","Chest Press (Machine)",,"",3,"dropset",35,3,,,
"Push","Oct 13, 2025, 10:01 AM","Oct 13, 2025, 10:48 AM","Best workout of my life by far","Butterfly (Pec Deck)",,"",0,"normal",20,7,,,
"Push","Oct 13, 2025, 10:01 AM","Oct 13, 2025, 10:48 AM","Best workout of my life by far","Butterfly (Pec Deck)",,"",1,"normal",15,5,,,
"Push","Oct 13, 2025, 10:01 AM","Oct 13, 2025, 10:48 AM","Best workout of my life by far","Single Arm Lateral Raise (Cable)",,"",0,"normal",7.5,6,,,
"Push","Oct 13, 2025, 10:01 AM","Oct 13, 2025, 10:48 AM","Best workout of my life by far","Single Arm Lateral Raise (Cable)",,"",1,"normal",5,12,,,
"Push","Oct 13, 2025, 10:01 AM","Oct 13, 2025, 10:48 AM","Best workout of my life by far","Lateral Raise (Dumbbell)",,"",0,"normal",12,7,,,
"Push","Oct 13, 2025, 10:01 AM","Oct 13, 2025, 10:48 AM","Best workout of my life by far","Lateral Raise (Dumbbell)",,"",1,"normal",10,9,,,
"Push","Oct 13, 2025, 10:01 AM","Oct 13, 2025, 10:48 AM","Best workout of my life by far","Single Arm Tricep Extension (Dumbbell)",,"",0,"normal",10,8,,,
"Push","Oct 13, 2025, 10:01 AM","Oct 13, 2025, 10:48 AM","Best workout of my life by far","Single Arm Tricep Extension (Dumbbell)",,"",1,"normal",10,6,,,
"Push","Oct 13, 2025, 10:01 AM","Oct 13, 2025, 10:48 AM","Best workout of my life by far","Triceps Pushdown",,"",0,"normal",30,7,,,
"Push","Oct 13, 2025, 10:01 AM","Oct 13, 2025, 10:48 AM","Best workout of my life by far","Triceps Pushdown",,"",1,"normal",27.5,10,,,
"Push","Oct 13, 2025, 10:01 AM","Oct 13, 2025, 10:48 AM","Best workout of my life by far","Dead Hang",,"",0,"normal",,,,120,
"Push","Oct 9, 2025, 11:47 PM","Oct 10, 2025, 12:39 AM","","Bench Press (Barbell)",,"",0,"normal",75,5,,,
"Push","Oct 9, 2025, 11:47 PM","Oct 10, 2025, 12:39 AM","","Bench Press (Barbell)",,"",1,"normal",75,3,,,
"Push","Oct 9, 2025, 11:47 PM","Oct 10, 2025, 12:39 AM","","Bench Press (Barbell)",,"",2,"normal",70,3,,,
"Push","Oct 9, 2025, 11:47 PM","Oct 10, 2025, 12:39 AM","","Chest Press (Machine)",,"",0,"normal",55,9,,,
"Push","Oct 9, 2025, 11:47 PM","Oct 10, 2025, 12:39 AM","","Chest Press (Machine)",,"",1,"normal",55,5,,,
"Push","Oct 9, 2025, 11:47 PM","Oct 10, 2025, 12:39 AM","","Chest Press (Machine)",,"",2,"normal",45,7,,,
"Push","Oct 9, 2025, 11:47 PM","Oct 10, 2025, 12:39 AM","","Butterfly (Pec Deck)",,"",0,"normal",15,7,,,
"Push","Oct 9, 2025, 11:47 PM","Oct 10, 2025, 12:39 AM","","Butterfly (Pec Deck)",,"",1,"normal",10,11,,,
"Push","Oct 9, 2025, 11:47 PM","Oct 10, 2025, 12:39 AM","","Single Arm Lateral Raise (Cable)",,"",0,"normal",5,13,,,
"Push","Oct 9, 2025, 11:47 PM","Oct 10, 2025, 12:39 AM","","Single Arm Lateral Raise (Cable)",,"",1,"normal",5,10,,,
"Push","Oct 9, 2025, 11:47 PM","Oct 10, 2025, 12:39 AM","","Lateral Raise (Dumbbell)",,"",0,"normal",12,9,,,
"Push","Oct 9, 2025, 11:47 PM","Oct 10, 2025, 12:39 AM","","Lateral Raise (Dumbbell)",,"",1,"normal",10,8,,,
"Push","Oct 9, 2025, 11:47 PM","Oct 10, 2025, 12:39 AM","","Single Arm Tricep Extension (Dumbbell)",,"",0,"normal",10,9,,,
"Push","Oct 9, 2025, 11:47 PM","Oct 10, 2025, 12:39 AM","","Single Arm Tricep Extension (Dumbbell)",,"",1,"normal",10,7,,,
"Push","Oct 9, 2025, 11:47 PM","Oct 10, 2025, 12:39 AM","","Triceps Pushdown",,"",0,"normal",30,6,,,
"Push","Oct 9, 2025, 11:47 PM","Oct 10, 2025, 12:39 AM","","Triceps Pushdown",,"",1,"normal",27.5,7,,,
"Pull","Oct 8, 2025, 11:28 PM","Oct 9, 2025, 12:09 AM","","Lat Pulldown (Cable)",,"",0,"normal",70,7,,,
"Pull","Oct 8, 2025, 11:28 PM","Oct 9, 2025, 12:09 AM","","Lat Pulldown (Cable)",,"",1,"normal",65,6,,,
"Pull","Oct 8, 2025, 11:28 PM","Oct 9, 2025, 12:09 AM","","Lat Pulldown (Cable)",,"",2,"normal",55,7,,,
"Pull","Oct 8, 2025, 11:28 PM","Oct 9, 2025, 12:09 AM","","Seated Cable Row - V Grip (Cable)",,"",0,"normal",50,8,,,
"Pull","Oct 8, 2025, 11:28 PM","Oct 9, 2025, 12:09 AM","","Seated Cable Row - V Grip (Cable)",,"",1,"normal",45,6,,,
"Pull","Oct 8, 2025, 11:28 PM","Oct 9, 2025, 12:09 AM","","Seated Cable Row - V Grip (Cable)",,"",2,"normal",40,6,,,
"Pull","Oct 8, 2025, 11:28 PM","Oct 9, 2025, 12:09 AM","","T Bar Row",,"",0,"normal",35,6,,,
"Pull","Oct 8, 2025, 11:28 PM","Oct 9, 2025, 12:09 AM","","T Bar Row",,"",1,"normal",30,6,,,
"Pull","Oct 8, 2025, 11:28 PM","Oct 9, 2025, 12:09 AM","","T Bar Row",,"",2,"normal",30,7,,,
"Pull","Oct 8, 2025, 11:28 PM","Oct 9, 2025, 12:09 AM","","Bicep Curl (Barbell)",,"",0,"normal",20,9,,,
"Pull","Oct 8, 2025, 11:28 PM","Oct 9, 2025, 12:09 AM","","Bicep Curl (Barbell)",,"",1,"normal",15,8,,,
"Pull","Oct 8, 2025, 11:28 PM","Oct 9, 2025, 12:09 AM","","Bicep Curl (Barbell)",,"",2,"normal",10,11,,,
"Pull","Oct 8, 2025, 11:28 PM","Oct 9, 2025, 12:09 AM","","Hammer Curl (Dumbbell)",,"",0,"normal",16,6,,,
"Pull","Oct 8, 2025, 11:28 PM","Oct 9, 2025, 12:09 AM","","Hammer Curl (Dumbbell)",,"",1,"normal",14,7,,,
"Pull","Oct 8, 2025, 11:28 PM","Oct 9, 2025, 12:09 AM","","Hammer Curl (Dumbbell)",,"",2,"normal",12,8,,,
"Push","Oct 6, 2025, 12:16 AM","Oct 6, 2025, 1:08 AM","","Bench Press (Barbell)",,"",0,"normal",75,4,,,
"Push","Oct 6, 2025, 12:16 AM","Oct 6, 2025, 1:08 AM","","Bench Press (Barbell)",,"",1,"normal",75,4,,,
"Push","Oct 6, 2025, 12:16 AM","Oct 6, 2025, 1:08 AM","","Bench Press (Barbell)",,"",2,"normal",60,7,,,
"Push","Oct 6, 2025, 12:16 AM","Oct 6, 2025, 1:08 AM","","Chest Press (Machine)",,"",0,"normal",55,8,,,
"Push","Oct 6, 2025, 12:16 AM","Oct 6, 2025, 1:08 AM","","Chest Press (Machine)",,"",1,"normal",50,8,,,
"Push","Oct 6, 2025, 12:16 AM","Oct 6, 2025, 1:08 AM","","Chest Press (Machine)",,"",2,"normal",45,10,,,
"Push","Oct 6, 2025, 12:16 AM","Oct 6, 2025, 1:08 AM","","Butterfly (Pec Deck)",,"",0,"normal",15,12,,,
"Push","Oct 6, 2025, 12:16 AM","Oct 6, 2025, 1:08 AM","","Butterfly (Pec Deck)",,"",1,"normal",15,8,,,
"Push","Oct 6, 2025, 12:16 AM","Oct 6, 2025, 1:08 AM","","Single Arm Lateral Raise (Cable)",,"",0,"normal",5,12,,,
"Push","Oct 6, 2025, 12:16 AM","Oct 6, 2025, 1:08 AM","","Single Arm Lateral Raise (Cable)",,"",1,"normal",5,8,,,
"Push","Oct 6, 2025, 12:16 AM","Oct 6, 2025, 1:08 AM","","Lateral Raise (Dumbbell)",,"",0,"normal",10,8,,,
"Push","Oct 6, 2025, 12:16 AM","Oct 6, 2025, 1:08 AM","","Lateral Raise (Dumbbell)",,"",1,"normal",10,7,,,
"Push","Oct 6, 2025, 12:16 AM","Oct 6, 2025, 1:08 AM","","Single Arm Tricep Extension (Dumbbell)",,"",0,"normal",10,6,,,
"Push","Oct 6, 2025, 12:16 AM","Oct 6, 2025, 1:08 AM","","Single Arm Tricep Extension (Dumbbell)",,"",1,"normal",8,9,,,
"Push","Oct 6, 2025, 12:16 AM","Oct 6, 2025, 1:08 AM","","Triceps Pushdown",,"",0,"normal",27.5,11,,,
"Push","Oct 6, 2025, 12:16 AM","Oct 6, 2025, 1:08 AM","","Triceps Pushdown",,"",1,"normal",27.5,8,,,
"Pull","Sep 27, 2025, 12:58 AM","Sep 27, 2025, 1:49 AM","","Lat Pulldown (Cable)",,"",0,"normal",70,5,,,
"Pull","Sep 27, 2025, 12:58 AM","Sep 27, 2025, 1:49 AM","","Lat Pulldown (Cable)",,"",1,"normal",65,6,,,
"Pull","Sep 27, 2025, 12:58 AM","Sep 27, 2025, 1:49 AM","","Lat Pulldown (Cable)",,"",2,"normal",55,10,,,
"Pull","Sep 27, 2025, 12:58 AM","Sep 27, 2025, 1:49 AM","","Seated Cable Row - V Grip (Cable)",,"",0,"normal",50,5,,,
"Pull","Sep 27, 2025, 12:58 AM","Sep 27, 2025, 1:49 AM","","Seated Cable Row - V Grip (Cable)",,"",1,"normal",40,8,,,
"Pull","Sep 27, 2025, 12:58 AM","Sep 27, 2025, 1:49 AM","","Seated Cable Row - V Grip (Cable)",,"",2,"normal",30,7,,,
"Pull","Sep 27, 2025, 12:58 AM","Sep 27, 2025, 1:49 AM","","T Bar Row",,"",0,"normal",25,15,,,
"Pull","Sep 27, 2025, 12:58 AM","Sep 27, 2025, 1:49 AM","","T Bar Row",,"",1,"normal",35,7,,,
"Pull","Sep 27, 2025, 12:58 AM","Sep 27, 2025, 1:49 AM","","Bicep Curl (Barbell)",,"",0,"normal",15,15,,,
"Pull","Sep 27, 2025, 12:58 AM","Sep 27, 2025, 1:49 AM","","Bicep Curl (Barbell)",,"",1,"normal",20,6,,,
"Pull","Sep 27, 2025, 12:58 AM","Sep 27, 2025, 1:49 AM","","Bicep Curl (Barbell)",,"",2,"normal",15,8,,,
"Pull","Sep 27, 2025, 12:58 AM","Sep 27, 2025, 1:49 AM","","Hammer Curl (Dumbbell)",,"",0,"normal",16,7,,,
"Pull","Sep 27, 2025, 12:58 AM","Sep 27, 2025, 1:49 AM","","Hammer Curl (Dumbbell)",,"",1,"normal",14,10,,,
"Push","Sep 25, 2025, 11:27 PM","Sep 26, 2025, 12:52 AM","","Bench Press (Barbell)",,"",0,"normal",75,3,,,
"Push","Sep 25, 2025, 11:27 PM","Sep 26, 2025, 12:52 AM","","Bench Press (Barbell)",,"",1,"normal",75,3,,,
"Push","Sep 25, 2025, 11:27 PM","Sep 26, 2025, 12:52 AM","","Bench Press (Barbell)",,"",2,"normal",60,8,,,
"Push","Sep 25, 2025, 11:27 PM","Sep 26, 2025, 12:52 AM","","Chest Press (Machine)",,"",0,"normal",55,8,,,
"Push","Sep 25, 2025, 11:27 PM","Sep 26, 2025, 12:52 AM","","Chest Press (Machine)",,"",1,"normal",45,8,,,
"Push","Sep 25, 2025, 11:27 PM","Sep 26, 2025, 12:52 AM","","Butterfly (Pec Deck)",,"",0,"normal",15,12,,,
"Push","Sep 25, 2025, 11:27 PM","Sep 26, 2025, 12:52 AM","","Butterfly (Pec Deck)",,"",1,"normal",20,7,,,
"Push","Sep 25, 2025, 11:27 PM","Sep 26, 2025, 12:52 AM","","Single Arm Lateral Raise (Cable)",,"",0,"normal",7.5,6,,,
"Push","Sep 25, 2025, 11:27 PM","Sep 26, 2025, 12:52 AM","","Single Arm Lateral Raise (Cable)",,"",1,"normal",5,8,,,
"Push","Sep 25, 2025, 11:27 PM","Sep 26, 2025, 12:52 AM","","Lateral Raise (Dumbbell)",,"",0,"normal",8,14,,,
"Push","Sep 25, 2025, 11:27 PM","Sep 26, 2025, 12:52 AM","","Lateral Raise (Dumbbell)",,"",1,"normal",8,9,,,
"Push","Sep 25, 2025, 11:27 PM","Sep 26, 2025, 12:52 AM","","Single Arm Tricep Extension (Dumbbell)",,"",0,"normal",10,4,,,
"Push","Sep 25, 2025, 11:27 PM","Sep 26, 2025, 12:52 AM","","Single Arm Tricep Extension (Dumbbell)",,"",1,"normal",8,9,,,
"Push","Sep 25, 2025, 11:27 PM","Sep 26, 2025, 12:52 AM","","Triceps Pushdown",,"",0,"normal",27.5,8,,,
"Push","Sep 25, 2025, 11:27 PM","Sep 26, 2025, 12:52 AM","","Triceps Pushdown",,"",1,"normal",27.5,8,,,
"Pull","Sep 25, 2025, 12:25 AM","Sep 25, 2025, 12:56 AM","","Lat Pulldown (Cable)",,"",0,"normal",70,6,,,
"Pull","Sep 25, 2025, 12:25 AM","Sep 25, 2025, 12:56 AM","","Lat Pulldown (Cable)",,"",1,"normal",65,6,,,
"Pull","Sep 25, 2025, 12:25 AM","Sep 25, 2025, 12:56 AM","","Lat Pulldown (Cable)",,"",2,"normal",55,7,,,
"Pull","Sep 25, 2025, 12:25 AM","Sep 25, 2025, 12:56 AM","","Dumbbell Row",,"",0,"normal",26,6,,,
"Pull","Sep 25, 2025, 12:25 AM","Sep 25, 2025, 12:56 AM","","Dumbbell Row",,"",1,"normal",22,9,,,
"Pull","Sep 25, 2025, 12:25 AM","Sep 25, 2025, 12:56 AM","","T Bar Row",,"",0,"normal",25,6,,,
"Pull","Sep 25, 2025, 12:25 AM","Sep 25, 2025, 12:56 AM","","T Bar Row",,"",1,"normal",20,15,,,
"Pull","Sep 25, 2025, 12:25 AM","Sep 25, 2025, 12:56 AM","","Bicep Curl (Barbell)",,"",0,"normal",15,10,,,
"Pull","Sep 25, 2025, 12:25 AM","Sep 25, 2025, 12:56 AM","","Bicep Curl (Barbell)",,"",1,"normal",10,8,,,
"Pull","Sep 25, 2025, 12:25 AM","Sep 25, 2025, 12:56 AM","","Hammer Curl (Dumbbell)",,"",0,"normal",14,6,,,
"Pull","Sep 25, 2025, 12:25 AM","Sep 25, 2025, 12:56 AM","","Hammer Curl (Dumbbell)",,"",1,"normal",10,12,,,
"Push","Sep 22, 2025, 1:02 PM","Sep 22, 2025, 1:55 PM","","Bench Press (Barbell)",,"",0,"normal",75,3,,,
"Push","Sep 22, 2025, 1:02 PM","Sep 22, 2025, 1:55 PM","","Bench Press (Barbell)",,"",1,"normal",70,3,,,
"Push","Sep 22, 2025, 1:02 PM","Sep 22, 2025, 1:55 PM","","Bench Press (Barbell)",,"",2,"normal",60,7,,,
"Push","Sep 22, 2025, 1:02 PM","Sep 22, 2025, 1:55 PM","","Chest Press (Machine)",,"",0,"normal",55,6,,,
"Push","Sep 22, 2025, 1:02 PM","Sep 22, 2025, 1:55 PM","","Chest Press (Machine)",,"",1,"normal",45,7,,,
"Push","Sep 22, 2025, 1:02 PM","Sep 22, 2025, 1:55 PM","","Butterfly (Pec Deck)",,"",0,"normal",15,9,,,
"Push","Sep 22, 2025, 1:02 PM","Sep 22, 2025, 1:55 PM","","Butterfly (Pec Deck)",,"",1,"normal",15,10,,,
"Push","Sep 22, 2025, 1:02 PM","Sep 22, 2025, 1:55 PM","","Single Arm Lateral Raise (Cable)",,"",0,"normal",5,9,,,
"Push","Sep 22, 2025, 1:02 PM","Sep 22, 2025, 1:55 PM","","Single Arm Lateral Raise (Cable)",,"",1,"normal",5,9,,,
"Push","Sep 22, 2025, 1:02 PM","Sep 22, 2025, 1:55 PM","","Single Arm Lateral Raise (Cable)",,"",2,"normal",5,9,,,
"Push","Sep 22, 2025, 1:02 PM","Sep 22, 2025, 1:55 PM","","Single Arm Tricep Extension (Dumbbell)",,"",0,"normal",10,4,,,
"Push","Sep 22, 2025, 1:02 PM","Sep 22, 2025, 1:55 PM","","Single Arm Tricep Extension (Dumbbell)",,"",1,"normal",8,7,,,
"Push","Sep 22, 2025, 1:02 PM","Sep 22, 2025, 1:55 PM","","Triceps Extension (Barbell)",,"",0,"normal",15,4,,,
"Push","Sep 22, 2025, 1:02 PM","Sep 22, 2025, 1:55 PM","","Triceps Pushdown",,"",0,"normal",25,9,,,
"Push","Sep 22, 2025, 1:02 PM","Sep 22, 2025, 1:55 PM","","Triceps Pushdown",,"",1,"normal",22.5,10,,,